EMPLOYEE_ID,FIRST_NAME,LAST_NAME,EMAIL,PHONE_NUMBER,HIRE_DATE,JOB_ID,SALARY,COMMISSION_PCT,MANAGER_ID,DEPARTMENT_ID
1000,Joan,Taylor,JTAYLOR,650.700.4445,01-JUL-14,ST_CLERK,3200, - ,100,50
1001,Joan,Miller,JMILLER,650.493.7609,24-DEC-19,ST_CLERK,12008, - ,120,60
1002,Jack,Jones,JJONES,650.710.9425,03-AUG-08,IT_PROG,3200, - ,120,50
1003,James,Wilson,JWILSON,650.345.9206,25-NOV-04,ST_CLERK,2900, - ,121,60
1004,Jerry,Moore,JMOORE,650.189.6061,14-AUG-11,ST_CLERK,4200, - ,108,30
1005,Joan,Miller,JMILLER,650.604.4283,22-JAN-20,IT_PROG,2500, - ,205,20
1006,James,Williams,JWILLIAMS,650.167.6167,06-JUL-12,AD_VP,17000, - ,108,50
1007,Joy,Johnson,JJOHNSON,650.763.9167,15-OCT-08,ST_CLERK,6500, - ,101,50
1008,Joy,Taylor,JTAYLOR,650.660.6720,29-JUN-10,FI_ACCOUNT,2900, - ,124,50
1009,Jane,Johnson,JJOHNSON,650.394.9822,10-MAR-14,PU_CLERK,8200, - ,108,70
1010,Jack,Taylor,JTAYLOR,650.940.8048,10-JAN-05,FI_ACCOUNT,12008, - ,100,90
1011,Jerry,Williams,JWILLIAMS,650.144.5072,17-OCT-14,FI_ACCOUNT,24000, - ,122,90
1012,Joy,Jones,JJONES,650.583.5354,20-MAR-06,ST_CLERK,2600, - ,121,100
1013,John,Williams,JWILLIAMS,650.516.5646,17-DEC-17,FI_MGR,12008, - ,101,50
1014,Jim,Davis,JDAVIS,650.218.9511,24-APR-13,ST_CLERK,4800, - ,101,30
1015,Jim,Davis,JDAVIS,650.196.9020,15-FEB-10,ST_MAN,2700, - ,201,50
1016,James,Brown,JBROWN,650.612.5628,11-AUG-14,AD_PRES,6000, - ,123,50
1017,Joan,Davis,JDAVIS,650.273.1997,24-NOV-10,PU_CLERK,6500, - ,114,50
1018,Jane,Taylor,JTAYLOR,650.128.8368,16-NOV-15,ST_CLERK,2900, - ,103,30
1019,Jerry,Johnson,JJOHNSON,650.415.1742,26-AUG-05,AD_VP,2200, - ,114,60
1020,Jane,Taylor,JTAYLOR,650.874.3858,16-DEC-14,IT_PROG,3200, - ,122,60
1021,John,Taylor,JTAYLOR,650.190.2766,17-JUL-16,SH_CLERK,6500, - ,100,50
1022,Joan,Davis,JDAVIS,650.681.7311,14-MAY-14,PU_CLERK,3200, - ,100,50
1023,Joan,Davis,JDAVIS,650.626.6692,23-AUG-07,FI_ACCOUNT,2900, - ,101,50
1024,Jill,Smith,JSMITH,650.894.4059,11-MAY-05,PU_CLERK,17000, - ,114,100
1025,Joy,Moore,JMOORE,650.851.1717,01-APR-16,ST_CLERK,6900, - ,108,90
1026,Joan,Taylor,JTAYLOR,650.802.6062,11-FEB-20,FI_ACCOUNT,7900, - ,100,50
1027,Jack,Smith,JSMITH,650.601.2173,31-JUL-21,ST_CLERK,11000, - ,100,30
1028,Joy,Brown,JBROWN,650.233.7640,23-OCT-03,FI_ACCOUNT,2200, - ,122,60
1029,Jerry,Johnson,JJOHNSON,650.106.7928,15-JAN-23,IT_PROG,8000, - ,100,50
1030,Julia,Smith,JSMITH,650.101.2079,23-SEP-10,IT_PROG,2500, - ,123,50
1031,Jim,Smith,JSMITH,650.548.4757,19-NOV-10,FI_ACCOUNT,6000, - ,100,100
1032,Joan,Brown,JBROWN,650.933.7031,04-APR-21,ST_CLERK,2500, - ,103,30
1033,James,Jones,JJONES,650.513.6132,18-AUG-04,MK_REP,6000, - ,101,60
1034,Jerry,Jones,JJONES,650.333.1834,16-FEB-04,MK_REP,2400, - ,103,50
1035,Joy,Wilson,JWILSON,650.724.8776,24-AUG-13,IT_PROG,6500, - ,108,40
1036,Joan,Wilson,JWILSON,650.635.2842,13-MAR-18,SH_CLERK,2500, - ,108,30
1037,John,Davis,JDAVIS,650.819.9677,21-AUG-18,FI_ACCOUNT,2600, - ,101,60
1038,Julia,Wilson,JWILSON,650.455.5967,27-JUL-14,ST_CLERK,11000, - ,100,90
1039,Joy,Miller,JMILLER,650.135.8531,23-DEC-15,AC_ACCOUNT,2600, - ,123,50
1040,Jerry,Miller,JMILLER,650.551.2809,29-JUL-20,PU_CLERK,3200, - ,100,20
1041,Jane,Davis,JDAVIS,650.157.8852,17-SEP-15,PU_CLERK,4200, - ,122,100
1042,Jack,Davis,JDAVIS,650.786.1098,29-SEP-14,ST_CLERK,10000, - ,121,50
1043,Jack,Brown,JBROWN,650.241.3929,05-APR-07,PU_CLERK,6000, - ,100,100
1044,James,Taylor,JTAYLOR,650.978.6906,14-FEB-20,ST_CLERK,2500, - ,101,20
1045,Julia,Jones,JJONES,650.816.9854,25-MAY-10,ST_MAN,6900, - ,100,60
1046,John,Davis,JDAVIS,650.323.2194,07-FEB-08,ST_MAN,3300, - ,100,50
1047,Jerry,Miller,JMILLER,650.524.4917,26-DEC-05,PR_REP,4400, - ,124,50
1048,Jill,Davis,JDAVIS,650.346.5716,08-JAN-17,IT_PROG,5800, - ,123,50
1049,Joan,Johnson,JJOHNSON,650.523.4941,11-FEB-13,AC_ACCOUNT,12008, - ,114,50
1050,James,Brown,JBROWN,650.203.1271,16-JUL-12,HR_REP,2900, - ,101,110
1051,Jack,Miller,JMILLER,650.417.8807,19-MAR-08,ST_MAN,2800, - ,103,40
1052,John,Brown,JBROWN,650.806.7416,24-JUL-17,IT_PROG,3300, - ,201,50
1053,Jack,Williams,JWILLIAMS,650.272.7415,01-SEP-10,ST_CLERK,3300, - ,122,50
1054,Joy,Wilson,JWILSON,650.614.7369,08-OCT-07,ST_CLERK,2400, - ,101,50
1055,Jack,Johnson,JJOHNSON,650.543.1210,24-AUG-11,ST_CLERK,6500, - ,123,50
1056,Jim,Taylor,JTAYLOR,650.753.7373,28-AUG-21,PU_CLERK,3100, - ,121,100
1057,James,Brown,JBROWN,650.826.5687,18-MAR-20,AD_VP,2500, - ,101,30
1058,Jack,Jones,JJONES,650.697.5886,01-NOV-16,ST_CLERK,2500, - ,120,30
1059,Julia,Moore,JMOORE,650.524.7348,04-NOV-04,FI_MGR,8300, - ,122,50
1060,Jill,Wilson,JWILSON,650.262.5784,06-FEB-06,MK_REP,3300, - ,108,30
1061,Julia,Smith,JSMITH,650.459.7439,25-JUN-06,PU_CLERK,7900, - ,114,110
1062,John,Wilson,JWILSON,650.920.1645,20-AUG-08,AD_VP,2200, - ,108,50
1063,James,Brown,JBROWN,650.968.6388,02-MAY-14,HR_REP,2600, - ,100,30
1064,Julia,Smith,JSMITH,650.656.9127,27-MAR-20,ST_CLERK,2400, - ,122,50
1065,Joan,Johnson,JJOHNSON,650.776.4517,04-APR-20,ST_MAN,3200, - ,120,50
1066,Jim,Williams,JWILLIAMS,650.837.7170,01-NOV-16,AD_ASST,17000, - ,124,30
1067,Jerry,Williams,JWILLIAMS,650.824.7174,19-MAY-07,ST_MAN,10000, - ,123,60
1068,Jane,Smith,JSMITH,650.854.8017,25-AUG-14,IT_PROG,2600, - ,103,30
1069,Julia,Moore,JMOORE,650.554.8834,15-OCT-21,PU_MAN,2900, - ,103,50
1070,John,Jones,JJONES,650.609.3494,22-JAN-18,PU_CLERK,2700, - ,100,50
1071,James,Williams,JWILLIAMS,650.581.7890,18-JUN-21,ST_MAN,7800, - ,108,100
1072,Jack,Taylor,JTAYLOR,650.237.1877,16-OCT-09,AD_VP,2800, - ,120,50
1073,Jane,Wilson,JWILSON,650.389.3118,22-JUN-18,ST_CLERK,8200, - ,108,50
1074,James,Brown,JBROWN,650.404.9688,14-FEB-11,FI_ACCOUNT,4800, - ,123,50
1075,Julia,Brown,JBROWN,650.795.4542,10-JUN-23,ST_CLERK,7800, - ,123,50
1076,Jack,Jones,JJONES,650.665.1417,24-FEB-12,HR_REP,3600, - ,122,60
1077,Joan,Jones,JJONES,650.979.4180,25-SEP-04,ST_CLERK,17000, - ,124,50
1078,John,Brown,JBROWN,650.180.9532,07-NOV-11,ST_CLERK,6000, - ,120,60
1079,Jane,Miller,JMILLER,650.713.2174,29-APR-23,IT_PROG,2600, - ,100,50
1080,Julia,Johnson,JJOHNSON,650.704.9569,24-AUG-19,ST_CLERK,2700, - ,120,60
1081,Jane,Johnson,JJOHNSON,650.477.8052,23-MAY-10,PU_CLERK,2600, - ,121,100
1082,Joy,Davis,JDAVIS,650.338.2666,01-JUL-15,PU_CLERK,6500, - ,103,90
1083,Jill,Smith,JSMITH,650.894.3905,27-SEP-08,PU_CLERK,3200, - , - ,60
1084,Jack,Jones,JJONES,650.212.4216,14-DEC-16,FI_ACCOUNT,4800, - ,103,100
1085,Julia,Smith,JSMITH,650.423.2787,27-JUN-17,FI_ACCOUNT,2500, - ,100,90
1086,Joy,Johnson,JJOHNSON,650.296.3608,12-JAN-21,ST_CLERK,6000, - ,121,30
1087,Jill,Smith,JSMITH,650.724.7939,01-FEB-06,ST_CLERK,8000, - ,100,50
1088,Jack,Miller,JMILLER,650.326.9641,17-OCT-15,FI_ACCOUNT,2900, - ,100,30
1089,Jill,Williams,JWILLIAMS,650.158.9139,08-NOV-13,ST_MAN,7900, - ,121,50
1090,Joy,Moore,JMOORE,650.742.8901,03-JUL-11,PR_REP,3300, - ,103,90
1091,Jim,Davis,JDAVIS,650.653.5358,08-NOV-21,ST_CLERK,8200, - ,100,50
1092,James,Jones,JJONES,650.331.1664,29-APR-04,ST_CLERK,3300, - ,103,100
1093,Julia,Williams,JWILLIAMS,650.576.4360,14-OCT-04,SH_CLERK,8200, - ,100,50
1094,Julia,Johnson,JJOHNSON,650.890.5695,09-FEB-20,FI_ACCOUNT,2400, - ,124,60
1095,Jerry,Taylor,JTAYLOR,650.224.4561,07-OCT-12,AD_PRES,12008, - ,122,90
1096,John,Jones,JJONES,650.110.8853,24-AUG-03,PU_CLERK,13000, - ,120,100
1097,John,Williams,JWILLIAMS,650.569.2420,16-MAR-15,ST_CLERK,2800, - ,123,50
1098,John,Brown,JBROWN,650.195.2939,02-JUL-18,ST_CLERK,6500, - ,123,50
1099,Jack,Johnson,JJOHNSON,650.723.5105,08-MAY-16,ST_MAN,2800, - ,124,50
1100,James,Moore,JMOORE,650.562.7308,29-DEC-22,ST_MAN,9000, - ,122,30
1101,Julia,Brown,JBROWN,650.315.7934,16-DEC-19,ST_MAN,2500, - ,101,30
1102,Jill,Davis,JDAVIS,650.615.9157,14-APR-11,IT_PROG,24000, - ,121,40
1103,Jane,Miller,JMILLER,650.599.9753,09-SEP-10,PU_CLERK,13000, - ,120,30
1104,Julia,Johnson,JJOHNSON,650.938.7716,02-DEC-14,ST_CLERK,10000, - ,108,90
1105,John,Johnson,JJOHNSON,650.275.5634,01-APR-20,PU_CLERK,2600, - ,205,50
1106,Jane,Davis,JDAVIS,650.469.4327,11-SEP-16,PR_REP,2200, - ,103,20
1107,James,Moore,JMOORE,650.615.5376,03-JUL-05,ST_CLERK,7700, - ,100,110
1108,Jim,Taylor,JTAYLOR,650.777.5100,31-OCT-12,ST_CLERK,4800, - ,101,100
1109,John,Johnson,JJOHNSON,650.106.3336,01-APR-07,MK_REP,2400, - ,103,60
1110,John,Brown,JBROWN,650.153.3803,03-JAN-08,ST_CLERK,2200, - ,102,50
1111,Jack,Wilson,JWILSON,650.350.2834,07-SEP-13,IT_PROG,2800, - ,100,50
1112,Joy,Smith,JSMITH,650.890.4809,26-MAY-21,ST_CLERK,6000, - ,101,50
1113,Jill,Smith,JSMITH,650.578.8647,20-DEC-10,PU_CLERK,2500, - ,101,100
1114,Joan,Smith,JSMITH,650.116.1441,16-JAN-19,ST_CLERK,17000, - ,121,100
1115,Jim,Smith,JSMITH,650.870.7871,13-MAY-06,ST_CLERK,2800, - ,108,100
1116,Joan,Smith,JSMITH,650.789.8571,09-DEC-13,ST_CLERK,2800, - ,122,100
1117,Joan,Moore,JMOORE,650.906.6647,03-APR-05,FI_ACCOUNT,6500, - ,103,20
1118,James,Jones,JJONES,650.365.8875,09-JAN-18,ST_CLERK,3200, - , - ,30
1119,Julia,Brown,JBROWN,650.674.4716,09-MAY-08,ST_CLERK,2900, - ,124,100
1120,Jerry,Taylor,JTAYLOR,650.799.3748,01-JUN-18,IT_PROG,17000, - ,121,30
1121,Joan,Brown,JBROWN,650.717.8083,16-JAN-06,SH_CLERK,10000, - ,122,50
1122,Jack,Jones,JJONES,650.136.6860,24-JAN-12,ST_MAN,8200, - ,100,30
1123,Julia,Williams,JWILLIAMS,650.902.8761,20-NOV-18,PR_REP,8200, - ,121,90
1124,John,Davis,JDAVIS,650.803.8098,05-JAN-05,IT_PROG,3200, - ,101,50
1125,Jill,Williams,JWILLIAMS,650.496.6310,05-SEP-17,IT_PROG,7800, - ,201,90
1126,Jane,Miller,JMILLER,650.786.7188,18-SEP-14,IT_PROG,2100, - ,100,50
1127,Jane,Wilson,JWILSON,650.825.4513,17-APR-21,ST_MAN,3200, - ,120,90
1128,James,Miller,JMILLER,650.246.3785,19-FEB-10,AD_VP,8300, - ,100,50
1129,Jack,Davis,JDAVIS,650.631.3447,16-JUN-05,ST_CLERK,3300, - ,100,50
1130,Joy,Davis,JDAVIS,650.255.7872,10-JAN-22,ST_MAN,2900, - ,114,50
1131,Jim,Williams,JWILLIAMS,650.195.1544,15-MAR-10,ST_CLERK,3200, - ,103,50
1132,Joy,Williams,JWILLIAMS,650.594.3984,13-FEB-10,AC_ACCOUNT,17000, - ,121,100
1133,Jane,Johnson,JJOHNSON,650.199.8893,07-DEC-05,ST_CLERK,2600, - ,114,50
1134,Jack,Smith,JSMITH,650.987.3862,13-AUG-12,ST_CLERK,3100, - ,100,50
1135,John,Smith,JSMITH,650.524.8888,18-JUL-10,MK_MAN,10000, - ,123,50
1136,James,Smith,JSMITH,650.537.1537,21-NOV-20,ST_MAN,11000, - ,205,90
1137,Jerry,Johnson,JJOHNSON,650.928.8190,26-FEB-07,PU_CLERK,2200, - ,108,50
1138,Jerry,Smith,JSMITH,650.417.4987,01-MAR-21,IT_PROG,2800, - ,108,90
1139,John,Brown,JBROWN,650.838.9195,10-MAR-18,AD_PRES,17000, - ,201,90
1140,Jerry,Davis,JDAVIS,650.618.4344,30-JUN-20,ST_CLERK,17000, - ,101,50
1141,Jerry,Johnson,JJOHNSON,650.823.4950,12-JAN-17,FI_ACCOUNT,2600, - ,100,40
1142,Jerry,Wilson,JWILSON,650.999.3787,14-NOV-07,FI_ACCOUNT,4800, - ,121,30
1143,Jerry,Taylor,JTAYLOR,650.515.8550,18-MAR-21,PU_CLERK,8200, - ,114,20
1144,Joan,Williams,JWILLIAMS,650.384.9105,12-AUG-09,ST_MAN,10000, - ,101,50
1145,Jerry,Brown,JBROWN,650.166.2655,21-OCT-04,ST_MAN,9000, - ,201,110
1146,Jim,Moore,JMOORE,650.267.9362,24-FEB-17,FI_ACCOUNT,4800, - ,122,50
1147,Jack,Smith,JSMITH,650.989.3843,11-APR-14,ST_MAN,2200, - ,120,10
1148,Joan,Brown,JBROWN,650.212.3568,25-JAN-08,ST_CLERK,2100, - ,123,50
1149,Jack,Moore,JMOORE,650.662.5275,30-OCT-13,PU_CLERK,9000, - ,122,50
1150,Joy,Moore,JMOORE,650.357.7481,10-SEP-12,HR_REP,2800, - ,120,50
1151,Jack,Williams,JWILLIAMS,650.792.9412,21-FEB-07,PU_CLERK,4200, - ,124,100
1152,James,Miller,JMILLER,650.327.3890,14-JUL-20,PU_CLERK,3300, - ,108,30
1153,James,Smith,JSMITH,650.883.3480,18-SEP-06,AD_VP,11000, - ,101,50
1154,Joy,Brown,JBROWN,650.713.6640,05-OCT-19,PU_MAN,2400, - ,100,10
1155,Jack,Jones,JJONES,650.151.8687,16-JUN-13,ST_CLERK,6900, - ,114,50
1156,Jim,Miller,JMILLER,650.201.1236,14-JUL-05,ST_CLERK,7800, - ,100,100
1157,Julia,Miller,JMILLER,650.555.4824,27-JUL-23,ST_CLERK,13000, - ,120,50
1158,Joan,Davis,JDAVIS,650.835.6795,09-AUG-12,FI_ACCOUNT,6000, - ,108,50
1159,Joy,Wilson,JWILSON,650.880.8041,23-JUN-12,ST_MAN,24000, - ,100,20
1160,Jerry,Miller,JMILLER,650.941.2751,15-MAY-13,ST_CLERK,8300, - ,201,100
1161,John,Davis,JDAVIS,650.891.4217,15-MAR-10,ST_CLERK,3100, - ,108,30
1162,Julia,Brown,JBROWN,650.911.1233,14-APR-20,ST_CLERK,24000, - ,201,110
1163,Julia,Johnson,JJOHNSON,650.700.7148,28-FEB-16,FI_ACCOUNT,6000, - ,101,60
1164,John,Brown,JBROWN,650.302.2131,28-JUN-11,ST_CLERK,17000, - ,100,100
1165,Jim,Taylor,JTAYLOR,650.860.5959,07-JAN-04,ST_CLERK,2500, - ,108,50
1166,John,Smith,JSMITH,650.865.9678,12-JUN-06,ST_MAN,5800, - ,103,100
1167,James,Williams,JWILLIAMS,650.146.5162,09-FEB-16,FI_ACCOUNT,7700, - ,120,10
1168,Julia,Wilson,JWILSON,650.232.7852,17-MAY-11,ST_CLERK,17000, - ,123,50
1169,Jack,Taylor,JTAYLOR,650.591.6319,02-JUN-10,ST_CLERK,3200, - ,123,50
1170,Jim,Jones,JJONES,650.703.9078,19-MAY-07,SH_CLERK,4800, - ,114,100
1171,Jill,Davis,JDAVIS,650.269.7270,08-AUG-11,ST_CLERK,4800, - , - ,50
1172,Jane,Johnson,JJOHNSON,650.599.2009,01-MAY-18,SH_CLERK,2900, - ,103,20
1173,Jerry,Miller,JMILLER,650.828.8051,01-FEB-13,SH_CLERK,2500, - ,121,60
1174,John,Jones,JJONES,650.943.8540,06-NOV-06,ST_MAN,6500, - ,124,50
1175,Jack,Williams,JWILLIAMS,650.957.3411,16-OCT-12,ST_CLERK,4800, - ,100,60
1176,Jim,Brown,JBROWN,650.816.3285,09-JAN-15,ST_CLERK,3300, - ,103,50
1177,Jane,Williams,JWILLIAMS,650.501.3786,28-AUG-11,ST_CLERK,8200, - ,201,60
1178,Jill,Moore,JMOORE,650.919.7593,26-MAY-11,AD_VP,2700, - ,122,20
1179,Jerry,Williams,JWILLIAMS,650.688.2452,23-DEC-22,PU_CLERK,3200, - ,100,50
1180,Joy,Miller,JMILLER,650.897.7786,05-JAN-08,AC_MGR,6900, - ,121,100
1181,Julia,Williams,JWILLIAMS,650.645.4613,18-JUL-20,PU_MAN,2600, - ,114,50
1182,Jim,Davis,JDAVIS,650.678.3470,28-SEP-17,ST_CLERK,4200, - ,123,30
1183,Jerry,Taylor,JTAYLOR,650.671.6007,26-APR-22,AC_ACCOUNT,3200, - ,123,30
1184,John,Smith,JSMITH,650.949.8796,02-MAR-14,IT_PROG,2800, - ,100,50
1185,Joan,Johnson,JJOHNSON,650.155.7401,23-OCT-11,ST_CLERK,24000, - ,100,30
1186,Jim,Williams,JWILLIAMS,650.243.3446,09-DEC-13,ST_CLERK,17000, - ,100,50
1187,John,Miller,JMILLER,650.166.6459,29-JUL-19,ST_MAN,7700, - ,121,50
1188,Jack,Taylor,JTAYLOR,650.784.3439,21-SEP-21,ST_CLERK,8300, - ,100,30
1189,Jane,Taylor,JTAYLOR,650.827.2534,17-MAY-17,ST_CLERK,6500, - , - ,20
1190,Jill,Miller,JMILLER,650.444.5683,12-MAR-18,ST_CLERK,11000, - ,123,30
1191,Jim,Smith,JSMITH,650.690.5297,15-SEP-04,FI_ACCOUNT,8000, - ,114,50
1192,Julia,Miller,JMILLER,650.641.2831,07-MAR-07,ST_CLERK,4800, - ,103,50
1193,Jim,Moore,JMOORE,650.969.1025,27-SEP-10,PU_CLERK,9000, - , - ,50
1194,Jim,Johnson,JJOHNSON,650.544.4141,26-JAN-20,ST_CLERK,2600, - ,114,50
1195,Jill,Wilson,JWILSON,650.762.8409,08-SEP-16,AD_VP,13000, - ,114,110
1196,James,Smith,JSMITH,650.630.3501,25-OCT-11,AC_ACCOUNT,3200, - ,103,50
1197,Joy,Smith,JSMITH,650.469.7636,10-FEB-19,IT_PROG,2100, - ,205,60
1198,Julia,Brown,JBROWN,650.953.3631,03-DEC-15,AD_VP,9000, - ,101,50
1199,Julia,Taylor,JTAYLOR,650.273.6623,10-JAN-08,HR_REP,7700, - ,121,50
1200,Joy,Davis,JDAVIS,650.860.1916,27-JUN-07,ST_CLERK,24000, - ,114,60
1201,Joan,Williams,JWILLIAMS,650.742.1023,17-JUL-13,IT_PROG,2800, - ,108,50
1202,Jim,Johnson,JJOHNSON,650.493.7534,17-DEC-08,FI_ACCOUNT,10000, - ,108,30
1203,Jerry,Jones,JJONES,650.213.8222,09-NOV-21,AC_ACCOUNT,4800, - ,100,10
1204,Jerry,Taylor,JTAYLOR,650.852.2969,23-MAY-18,PU_CLERK,13000, - ,103,100
1205,Jerry,Moore,JMOORE,650.853.1307,27-JAN-18,AD_PRES,12008, - ,121,60
1206,Jack,Wilson,JWILSON,650.580.5482,18-JUL-19,ST_MAN,8200, - ,114,60
1207,Joy,Davis,JDAVIS,650.758.6836,15-AUG-17,ST_CLERK,6000, - ,121,50
1208,Jane,Moore,JMOORE,650.427.7697,22-NOV-15,MK_REP,4800, - ,123,60
1209,Jim,Brown,JBROWN,650.746.1885,29-JUN-13,ST_CLERK,5800, - ,101,60
1210,Jim,Moore,JMOORE,650.442.1079,15-JUL-09,PR_REP,4800, - ,114,100
1211,Joan,Miller,JMILLER,650.103.9162,13-JAN-04,FI_ACCOUNT,4200, - ,108,50
1212,Jerry,Johnson,JJOHNSON,650.719.2672,11-APR-05,PU_CLERK,2700, - ,121,50
1213,Jill,Smith,JSMITH,650.228.9722,28-AUG-21,FI_ACCOUNT,2700, - ,120,30
1214,Jack,Davis,JDAVIS,650.119.9182,06-AUG-15,IT_PROG,6000, - ,205,10
1215,John,Taylor,JTAYLOR,650.910.8528,01-DEC-07,ST_MAN,6500, - ,121,20
1216,Joy,Jones,JJONES,650.875.3123,30-OCT-04,ST_CLERK,2700, - ,123,50
1217,Joy,Moore,JMOORE,650.229.1844,13-OCT-06,AD_ASST,4800, - ,120,50
1218,John,Williams,JWILLIAMS,650.114.5035,29-AUG-15,ST_CLERK,2100, - ,120,50
1219,Jane,Smith,JSMITH,650.206.3166,23-FEB-21,ST_CLERK,9000, - ,205,70
1220,John,Miller,JMILLER,650.818.2682,15-MAR-20,ST_CLERK,2900, - ,123,50
1221,Jim,Williams,JWILLIAMS,650.348.7445,25-APR-13,IT_PROG,2500, - ,123,20
1222,James,Smith,JSMITH,650.744.1617,31-JUL-20,ST_CLERK,3200, - ,124,50
1223,Joan,Davis,JDAVIS,650.701.5904,17-APR-07,PU_CLERK,8200, - ,100,60
1224,Jane,Moore,JMOORE,650.662.6373,11-SEP-05,ST_CLERK,2600, - ,100,50
1225,Julia,Davis,JDAVIS,650.724.1165,14-AUG-10,ST_CLERK,2400, - ,120,50
1226,Jim,Smith,JSMITH,650.302.9128,16-SEP-10,PU_CLERK,6500, - ,100,50
1227,John,Davis,JDAVIS,650.150.7064,23-DEC-20,ST_CLERK,6000, - ,100,30
1228,Jim,Brown,JBROWN,650.310.4212,25-OCT-20,ST_MAN,2400, - ,114,50
1229,Joan,Jones,JJONES,650.487.1039,02-JUL-19,HR_REP,12008, - ,123,90
1230,Joan,Wilson,JWILSON,650.410.8502,30-SEP-19,PR_REP,8000, - ,100,30
1231,John,Smith,JSMITH,650.227.6549,17-OCT-09,ST_CLERK,2900, - ,100,50
1232,Jack,Moore,JMOORE,650.387.3677,21-AUG-20,ST_MAN,8200, - ,121,30
1233,Jack,Taylor,JTAYLOR,650.377.2200,30-SEP-03,PU_MAN,9000, - ,121,50
1234,Jim,Moore,JMOORE,650.627.1505,04-SEP-09,ST_CLERK,4200, - ,103,30
1235,Jim,Johnson,JJOHNSON,650.669.5279,08-AUG-14,IT_PROG,12008, - ,123,50
1236,John,Miller,JMILLER,650.281.4343,19-AUG-16,ST_CLERK,9000, - ,101,50
1237,Jerry,Jones,JJONES,650.932.5041,05-JUN-10,FI_ACCOUNT,3100, - ,114,50
1238,Julia,Wilson,JWILSON,650.630.3459,30-JUL-19,ST_CLERK,13000, - ,123,20
1239,Jill,Wilson,JWILSON,650.863.9761,07-MAR-06,AC_ACCOUNT,2500, - ,123,50
1240,Jill,Wilson,JWILSON,650.161.7305,23-SEP-14,FI_ACCOUNT,2100, - ,101,30
1241,Jack,Miller,JMILLER,650.682.7298,15-JUL-13,SH_CLERK,6500, - ,121,100
1242,Julia,Taylor,JTAYLOR,650.278.5224,06-MAR-06,PU_CLERK,4400, - ,114,30
1243,Jill,Taylor,JTAYLOR,650.385.9467,15-DEC-06,FI_ACCOUNT,12008, - ,121,50
1244,Julia,Williams,JWILLIAMS,650.712.1912,16-JUN-19,AC_ACCOUNT,10000, - ,122,60
1245,Jerry,Smith,JSMITH,650.137.4589,11-OCT-15,ST_CLERK,2700, - ,124,50
1246,James,Brown,JBROWN,650.552.2006,15-APR-21,PU_CLERK,2500, - ,100,50
1247,James,Wilson,JWILSON,650.916.3512,15-MAY-11,AC_ACCOUNT,2500, - ,122,30
1248,Joy,Taylor,JTAYLOR,650.365.9910,22-JAN-12,FI_ACCOUNT,2800, - ,100,50
1249,Jill,Wilson,JWILSON,650.173.9513,26-AUG-19,MK_REP,8200, - ,108,50
1250,Jack,Davis,JDAVIS,650.458.9631,26-SEP-16,FI_ACCOUNT,2700, - ,100,20
1251,Joan,Jones,JJONES,650.927.5497,23-JAN-15,ST_CLERK,8300, - ,108,50
1252,John,Williams,JWILLIAMS,650.503.3664,03-OCT-03,FI_ACCOUNT,11000, - ,121,50
1253,Joan,Brown,JBROWN,650.799.6919,27-JUL-18,ST_MAN,9000, - ,102,50
1254,John,Davis,JDAVIS,650.561.4336,10-SEP-16,ST_CLERK,7700, - ,103,60
1255,Jill,Brown,JBROWN,650.738.4775,21-MAR-13,ST_CLERK,2700, - ,123,50
1256,Jane,Davis,JDAVIS,650.116.1090,05-JAN-06,FI_ACCOUNT,2700, - ,100,50
1257,Jill,Taylor,JTAYLOR,650.838.7276,08-DEC-05,FI_ACCOUNT,2900, - ,100,90
1258,Jane,Williams,JWILLIAMS,650.733.3380,16-SEP-05,PU_MAN,2200, - ,100,50
1259,Jerry,Johnson,JJOHNSON,650.829.9233,06-JUN-17,MK_REP,12008, - ,201,50
1260,Joan,Jones,JJONES,650.275.3250,03-JUL-09,ST_MAN,2900, - , - ,50
1261,Jim,Johnson,JJOHNSON,650.906.5167,15-FEB-04,SH_CLERK,9000, - ,100,100
1262,Jack,Moore,JMOORE,650.812.6895,24-FEB-19,AD_VP,6500, - ,120,60
1263,Jim,Jones,JJONES,650.322.1697,02-JUN-13,IT_PROG,4800, - ,108,30
1264,Joan,Smith,JSMITH,650.930.6994,04-JUN-11,ST_CLERK,3600, - ,103,90
1265,Jane,Brown,JBROWN,650.234.9334,26-JUN-21,PR_REP,2600, - ,108,20
1266,Jim,Wilson,JWILSON,650.636.8936,26-DEC-06,ST_CLERK,2700, - ,121,30
1267,Jim,Wilson,JWILSON,650.185.1430,22-MAY-19,ST_MAN,6000, - ,100,60
1268,Jill,Johnson,JJOHNSON,650.495.8797,03-MAR-10,AD_PRES,11000, - ,114,50
1269,Jim,Taylor,JTAYLOR,650.750.4641,18-APR-11,ST_CLERK,2100, - ,108,50
1270,Jane,Brown,JBROWN,650.576.9835,27-FEB-22,AD_ASST,6500, - ,120,110
1271,Jill,Williams,JWILLIAMS,650.334.9294,31-DEC-20,ST_CLERK,7700, - ,100,50
1272,Joy,Williams,JWILLIAMS,650.798.3235,24-JAN-19,PU_CLERK,2500, - ,122,60
1273,Jerry,Wilson,JWILSON,650.640.8161,21-DEC-13,ST_CLERK,11000, - ,121,20
1274,Jim,Johnson,JJOHNSON,650.541.2480,31-MAR-13,ST_CLERK,4200, - ,123,50
1275,Jane,Williams,JWILLIAMS,650.737.7356,09-MAY-14,ST_CLERK,3200, - ,120,100
1276,John,Davis,JDAVIS,650.637.9572,16-SEP-13,FI_ACCOUNT,8000, - ,121,50
1277,Jane,Davis,JDAVIS,650.460.5685,26-AUG-05,FI_ACCOUNT,12008, - ,108,100
1278,Jill,Moore,JMOORE,650.497.8457,20-MAR-20,SH_CLERK,6000, - ,120,40
1279,Julia,Wilson,JWILSON,650.354.3207,22-JUN-12,ST_CLERK,3100, - ,114,50
1280,Julia,Johnson,JJOHNSON,650.662.7395,15-OCT-13,ST_MAN,24000, - ,103,70
1281,Jill,Wilson,JWILSON,650.109.7117,08-APR-23,IT_PROG,3300, - ,114,100
1282,James,Smith,JSMITH,650.749.8090,10-AUG-12,ST_CLERK,2600, - ,103,50
1283,James,Brown,JBROWN,650.137.5900,09-DEC-09,ST_MAN,2900, - ,101,50
1284,Joy,Moore,JMOORE,650.831.1168,24-OCT-03,ST_CLERK,8300, - ,120,10
1285,Jane,Johnson,JJOHNSON,650.655.3780,04-AUG-17,ST_CLERK,7800, - ,108,50
1286,Jim,Moore,JMOORE,650.547.6725,17-JUN-09,SH_CLERK,2400, - ,121,50
1287,Jill,Wilson,JWILSON,650.757.5178,28-NOV-20,PU_CLERK,6000, - ,123,100
1288,Jane,Williams,JWILLIAMS,650.533.7094,27-MAR-04,ST_MAN,6000, - ,103,20
1289,Jane,Jones,JJONES,650.165.7483,28-SEP-16,FI_ACCOUNT,17000, - ,100,90
1290,Jerry,Taylor,JTAYLOR,650.489.6236,06-NOV-03,PU_CLERK,2600, - ,100,60
1291,Jill,Davis,JDAVIS,650.901.6919,20-OCT-22,SH_CLERK,9000, - ,124,50
1292,Jill,Brown,JBROWN,650.453.1195,11-JAN-12,ST_MAN,9000, - ,122,100
1293,John,Williams,JWILLIAMS,650.631.3028,07-SEP-10,AD_VP,2700, - ,123,50
1294,John,Miller,JMILLER,650.756.3579,28-AUG-17,AD_ASST,8000, - ,120,50
1295,Jane,Jones,JJONES,650.696.3771,19-SEP-19,PR_REP,4200, - ,100,60
1296,James,Brown,JBROWN,650.851.7638,02-JUN-15,PU_CLERK,17000, - ,108,20
1297,Jack,Davis,JDAVIS,650.221.8141,05-AUG-21,ST_CLERK,6900, - ,101,50
1298,Jerry,Taylor,JTAYLOR,650.519.2990,20-FEB-14,ST_CLERK,7700, - , - ,50
1299,Jill,Brown,JBROWN,650.662.3257,20-JUN-12,ST_MAN,3200, - ,103,50
1300,Jill,Davis,JDAVIS,650.100.7332,11-FEB-14,PU_CLERK,6000, - ,100,50
1301,Joan,Brown,JBROWN,650.916.4445,25-FEB-10,SH_CLERK,5800, - ,114,20
1302,Jack,Jones,JJONES,650.715.5655,03-FEB-06,ST_CLERK,8200, - ,103,50
1303,Jim,Smith,JSMITH,650.173.4865,26-FEB-13,PU_CLERK,2600, - ,120,20
1304,Jim,Davis,JDAVIS,650.235.9296,03-AUG-08,HR_REP,13000, - ,114,10
1305,Jill,Taylor,JTAYLOR,650.968.5421,31-JAN-07,ST_CLERK,7900, - ,101,50
1306,Joan,Davis,JDAVIS,650.501.3448,06-MAY-17,IT_PROG,7800, - ,101,100
1307,Joan,Williams,JWILLIAMS,650.717.3318,08-NOV-10,FI_ACCOUNT,2200, - ,122,50
1308,James,Williams,JWILLIAMS,650.889.9410,04-FEB-17,ST_CLERK,5800, - ,101,90
1309,Julia,Taylor,JTAYLOR,650.142.4625,01-SEP-22,FI_MGR,2100, - ,100,100
1310,John,Johnson,JJOHNSON,650.675.7735,09-DEC-20,ST_CLERK,3600, - ,100,30
1311,Joy,Miller,JMILLER,650.906.6600,08-JUN-22,ST_MAN,4800, - ,101,100
1312,Jane,Williams,JWILLIAMS,650.668.8917,28-JUN-13,ST_CLERK,2800, - ,121,50
1313,Joy,Brown,JBROWN,650.210.9144,28-OCT-10,PU_CLERK,3200, - ,114,50
1314,Julia,Jones,JJONES,650.373.6523,20-APR-04,AD_VP,2400, - ,123,50
1315,Jane,Brown,JBROWN,650.388.9036,14-MAR-08,ST_CLERK,3200, - ,205,50
1316,Jack,Jones,JJONES,650.971.6177,04-FEB-21,PU_CLERK,3100, - ,121,50
1317,John,Williams,JWILLIAMS,650.128.8235,26-JAN-15,AC_ACCOUNT,8200, - ,103,70
1318,Jerry,Wilson,JWILSON,650.443.8640,21-SEP-19,SH_CLERK,9000, - ,121,50
1319,Jane,Miller,JMILLER,650.968.5795,28-NOV-18,ST_CLERK,6000, - ,100,30
1320,John,Moore,JMOORE,650.384.7695,05-JAN-05,ST_MAN,11000, - ,103,50
1321,John,Williams,JWILLIAMS,650.915.7614,30-APR-11,PU_CLERK,2900, - ,103,60
1322,Jack,Davis,JDAVIS,650.699.8120,18-FEB-13,ST_MAN,2800, - ,102,50
1323,Julia,Brown,JBROWN,650.834.3108,28-AUG-11,SH_CLERK,2700, - ,121,90
1324,John,Johnson,JJOHNSON,650.211.7972,02-AUG-05,ST_CLERK,6900, - , - ,50
1325,Jim,Davis,JDAVIS,650.365.9554,24-AUG-15,ST_CLERK,3100, - ,120,30
1326,Jim,Wilson,JWILSON,650.794.7587,11-FEB-05,ST_CLERK,8200, - ,108,110
1327,Julia,Smith,JSMITH,650.204.6978,12-MAY-21,ST_CLERK,3100, - ,121,50
1328,John,Smith,JSMITH,650.285.5587,24-OCT-21,PU_CLERK,2500, - ,103,30
1329,Jim,Johnson,JJOHNSON,650.365.2179,16-JAN-05,FI_ACCOUNT,12008, - ,101,30
1330,Jerry,Brown,JBROWN,650.881.6349,13-APR-16,ST_MAN,2400, - ,103,50
1331,Jerry,Taylor,JTAYLOR,650.678.6863,03-AUG-16,ST_CLERK,24000, - ,100,40
1332,Jerry,Brown,JBROWN,650.266.3827,04-DEC-16,FI_ACCOUNT,2500, - ,100,50
1333,James,Johnson,JJOHNSON,650.499.5074,26-FEB-22,ST_CLERK,5800, - ,121,50
1334,Jane,Taylor,JTAYLOR,650.630.7530,11-SEP-10,AD_VP,4200, - ,100,90
1335,James,Taylor,JTAYLOR,650.120.4903,18-JUN-12,ST_CLERK,11000, - ,121,50
1336,Jill,Jones,JJONES,650.727.8894,27-JUL-19,ST_CLERK,2700, - ,101,50
1337,John,Davis,JDAVIS,650.841.7747,02-AUG-17,ST_MAN,2500, - ,122,100
1338,Julia,Miller,JMILLER,650.381.1625,19-NOV-05,SH_CLERK,7900, - ,114,50
1339,Jack,Wilson,JWILSON,650.357.8168,20-JAN-12,IT_PROG,6000, - ,100,100
1340,Jack,Smith,JSMITH,650.864.6083,30-JUL-06,HR_REP,9000, - ,124,30
1341,Joy,Taylor,JTAYLOR,650.332.8182,03-SEP-04,FI_ACCOUNT,4800, - ,122,30
1342,Jane,Smith,JSMITH,650.388.3339,05-APR-07,AC_ACCOUNT,11000, - ,101,50
1343,Jane,Wilson,JWILSON,650.228.5540,27-AUG-22,ST_CLERK,8300, - ,108,50
1344,Julia,Jones,JJONES,650.262.9161,27-JUL-06,FI_ACCOUNT,7700, - ,108,50
1345,Julia,Davis,JDAVIS,650.750.2068,03-FEB-18,PU_CLERK,4800, - ,120,50
1346,Jerry,Smith,JSMITH,650.993.2592,07-JUN-14,FI_ACCOUNT,6500, - ,103,50
1347,John,Moore,JMOORE,650.414.3251,17-FEB-23,ST_CLERK,2400, - ,123,50
1348,Joy,Taylor,JTAYLOR,650.102.4834,11-JUL-11,ST_CLERK,8200, - ,101,50
1349,Joy,Jones,JJONES,650.508.1896,08-APR-10,ST_CLERK,6000, - ,121,20
1350,Jill,Davis,JDAVIS,650.571.2243,29-FEB-16,PU_CLERK,7800, - ,114,60
1351,Jack,Smith,JSMITH,650.976.4462,19-JUN-04,AD_PRES,2100, - ,100,50
1352,Joy,Brown,JBROWN,650.813.1424,11-MAR-04,ST_CLERK,8300, - ,121,50
1353,Jack,Moore,JMOORE,650.114.7629,30-NOV-16,ST_CLERK,2600, - ,108,50
1354,James,Davis,JDAVIS,650.484.8538,30-DEC-06,ST_CLERK,24000, - ,120,10
1355,John,Miller,JMILLER,650.553.6337,05-FEB-09,SH_CLERK,4400, - ,100,40
1356,Jim,Williams,JWILLIAMS,650.433.4628,28-DEC-09,ST_MAN,9000, - ,123,100
1357,Jim,Moore,JMOORE,650.535.6339,24-AUG-20,ST_CLERK,3100, - ,120,100
1358,James,Taylor,JTAYLOR,650.409.2719,02-MAR-06,PU_CLERK,3300, - ,120,50
1359,Julia,Moore,JMOORE,650.595.6493,23-MAY-15,IT_PROG,7900, - ,100,50
1360,Jane,Moore,JMOORE,650.983.8258,28-DEC-05,IT_PROG,6000, - ,108,50
1361,Joan,Brown,JBROWN,650.946.2089,11-SEP-15,ST_CLERK,2500, - ,103,50
1362,Joan,Johnson,JJOHNSON,650.423.8369,23-JUL-09,IT_PROG,2700, - ,100,50
1363,Jerry,Davis,JDAVIS,650.237.4636,15-JUL-04,FI_ACCOUNT,3200, - ,101,50
1364,Jane,Moore,JMOORE,650.457.5330,05-JUL-06,ST_MAN,2700, - ,101,50
1365,Jim,Brown,JBROWN,650.528.5182,13-JUL-19,IT_PROG,13000, - ,123,30
1366,Julia,Jones,JJONES,650.601.2611,30-MAY-22,SH_CLERK,9000, - ,120,50
1367,Julia,Williams,JWILLIAMS,650.561.8455,08-OCT-14,AD_VP,2500, - ,121,60
1368,Julia,Jones,JJONES,650.788.7746,15-JAN-16,ST_CLERK,6000, - ,100,60
1369,Jerry,Smith,JSMITH,650.392.9921,29-DEC-22,AD_VP,2500, - ,123,50
1370,Joan,Moore,JMOORE,650.123.5615,22-FEB-14,SH_CLERK,2200, - ,108,50
1371,Julia,Wilson,JWILSON,650.449.1906,04-MAY-06,IT_PROG,2900, - ,114,50
1372,Jack,Brown,JBROWN,650.271.7120,08-OCT-08,MK_REP,7900, - ,121,100
1373,Julia,Brown,JBROWN,650.470.4987,29-JAN-05,PU_MAN,12008, - ,102,60
1374,James,Moore,JMOORE,650.156.7576,14-DEC-19,IT_PROG,17000, - ,101,30
1375,John,Wilson,JWILSON,650.788.5947,07-JUL-12,AD_ASST,2100, - ,114,50
1376,Jill,Moore,JMOORE,650.520.6029,20-JUL-12,AC_ACCOUNT,7800, - ,114,50
1377,Jack,Wilson,JWILSON,650.152.9960,17-MAY-23,FI_ACCOUNT,7800, - ,121,50
1378,Jane,Taylor,JTAYLOR,650.441.1170,29-APR-05,ST_CLERK,8000, - ,123,20
1379,Jerry,Williams,JWILLIAMS,650.593.3438,21-DEC-19,AC_ACCOUNT,4800, - ,101,50
1380,Jerry,Moore,JMOORE,650.551.2626,12-OCT-06,FI_MGR,8200, - ,120,50
1381,Jane,Taylor,JTAYLOR,650.274.4619,28-FEB-22,ST_CLERK,3200, - ,100,20
1382,Joan,Jones,JJONES,650.118.9781,28-MAY-04,ST_CLERK,6500, - ,114,20
1383,Julia,Miller,JMILLER,650.319.1800,08-OCT-05,ST_CLERK,3300, - ,108,90
1384,Jill,Smith,JSMITH,650.454.4611,12-FEB-14,MK_MAN,4400, - ,103,10
1385,Jim,Davis,JDAVIS,650.805.7396,30-JUL-10,FI_ACCOUNT,12008, - ,103,100
1386,Joy,Moore,JMOORE,650.385.3689,26-JUL-19,FI_ACCOUNT,17000, - ,114,50
1387,James,Williams,JWILLIAMS,650.263.6312,24-JAN-22,AD_VP,2800, - ,103,50
1388,James,Williams,JWILLIAMS,650.912.4840,24-NOV-19,FI_MGR,3100, - ,108,90
1389,James,Brown,JBROWN,650.942.7686,26-AUG-06,AD_ASST,6500, - ,100,30
1390,Jim,Brown,JBROWN,650.303.4056,26-SEP-08,FI_ACCOUNT,2100, - ,114,50
1391,Joan,Moore,JMOORE,650.219.8844,28-JAN-14,PU_CLERK,8200, - ,123,30
1392,Julia,Miller,JMILLER,650.510.9902,15-JUN-18,ST_CLERK,3200, - ,102,50
1393,Jim,Jones,JJONES,650.657.7499,26-MAY-22,ST_CLERK,17000, - ,122,50
1394,Jane,Williams,JWILLIAMS,650.234.2787,25-OCT-20,ST_MAN,2600, - ,101,30
1395,Jack,Wilson,JWILSON,650.948.3673,23-FEB-06,ST_CLERK,3300, - ,114,20
1396,Jack,Smith,JSMITH,650.140.4310,12-AUG-08,ST_MAN,2200, - ,100,50
1397,Joy,Moore,JMOORE,650.879.4726,05-DEC-21,ST_MAN,6000, - ,114,30
1398,Jane,Miller,JMILLER,650.238.6347,08-OCT-14,ST_CLERK,6500, - ,120,100
1399,Joan,Jones,JJONES,650.457.5736,03-FEB-20,ST_CLERK,3300, - ,100,90
1400,Jill,Moore,JMOORE,650.536.7858,06-MAY-06,PU_CLERK,4400, - ,123,60
1401,John,Jones,JJONES,650.903.2547,10-FEB-08,MK_MAN,4200, - ,103,50
1402,Joan,Williams,JWILLIAMS,650.809.9035,05-JUN-22,AD_VP,2400, - ,100,50
1403,Jack,Taylor,JTAYLOR,650.848.3857,31-MAR-23,ST_MAN,4200, - ,120,40
1404,Jerry,Smith,JSMITH,650.787.9194,08-OCT-11,PU_CLERK,2700, - ,100,50
1405,Jerry,Moore,JMOORE,650.377.1918,19-OCT-14,ST_CLERK,2200, - ,114,30
1406,Jerry,Brown,JBROWN,650.717.7482,06-NOV-04,ST_CLERK,4400, - ,121,110
1407,John,Moore,JMOORE,650.640.6731,09-JUL-12,ST_CLERK,17000, - ,114,20
1408,Jill,Taylor,JTAYLOR,650.241.5513,09-DEC-17,ST_CLERK,3300, - ,121,50
1409,Jane,Moore,JMOORE,650.770.8063,26-APR-19,ST_CLERK,2600, - ,121,50
1410,James,Brown,JBROWN,650.381.5320,04-MAR-11,FI_ACCOUNT,3300, - ,201,30
1411,Jim,Moore,JMOORE,650.265.3408,19-APR-12,FI_ACCOUNT,2800, - ,121,50
1412,John,Johnson,JJOHNSON,650.376.7481,10-SEP-03,IT_PROG,3100, - ,124,50
1413,Jerry,Wilson,JWILSON,650.314.7492,08-AUG-15,ST_MAN,9000, - ,103,30
1414,Jerry,Brown,JBROWN,650.992.5808,01-SEP-03,FI_ACCOUNT,2500, - ,100,50
1415,James,Smith,JSMITH,650.771.5710,10-JUN-13,FI_ACCOUNT,9000, - ,114,50
1416,Jack,Taylor,JTAYLOR,650.727.6755,06-MAY-19,ST_CLERK,7800, - ,100,100
1417,Jack,Taylor,JTAYLOR,650.817.8481,02-JAN-13,IT_PROG,11000, - ,121,50
1418,Joan,Johnson,JJOHNSON,650.182.4007,08-AUG-22,ST_CLERK,24000, - ,114,50
1419,Jane,Johnson,JJOHNSON,650.612.6207,12-JAN-14,ST_CLERK,2700, - ,100,30
1420,Jack,Taylor,JTAYLOR,650.569.9618,02-JUL-23,ST_CLERK,2400, - ,123,50
1421,Jim,Taylor,JTAYLOR,650.658.2597,08-MAY-18,ST_MAN,7800, - ,121,50
1422,Joan,Johnson,JJOHNSON,650.428.1923,25-JAN-20,PU_CLERK,12008, - ,100,30
1423,James,Smith,JSMITH,650.843.1086,16-AUG-05,AC_ACCOUNT,2500, - ,103,50
1424,Joy,Davis,JDAVIS,650.224.4325,14-FEB-16,ST_CLERK,12008, - ,101,50
1425,Jill,Johnson,JJOHNSON,650.435.2221,29-JUL-14,ST_CLERK,9000, - ,121,50
1426,Jill,Williams,JWILLIAMS,650.658.6615,27-DEC-15,PU_CLERK,4800, - ,121,90
1427,James,Davis,JDAVIS,650.371.5840,05-JUN-12,ST_CLERK,6900, - ,121,100
1428,Joy,Taylor,JTAYLOR,650.100.8793,28-MAY-07,PR_REP,6500, - ,108,90
1429,James,Brown,JBROWN,650.814.7379,24-SEP-18,ST_CLERK,2900, - ,120,50
1430,Julia,Moore,JMOORE,650.890.4816,19-JUN-09,PU_CLERK,7700, - ,100,90
1431,James,Moore,JMOORE,650.282.8161,05-DEC-15,SH_CLERK,3300, - ,114,60
1432,Joan,Moore,JMOORE,650.715.1460,30-APR-22,PU_MAN,2700, - ,108,110
1433,John,Smith,JSMITH,650.613.6959,05-FEB-05,MK_MAN,2600, - ,121,100
1434,Jerry,Wilson,JWILSON,650.377.4726,17-JUL-19,ST_CLERK,2200, - ,201,100
1435,Jim,Jones,JJONES,650.842.5971,12-JUN-08,FI_ACCOUNT,5800, - ,120,30
1436,Jim,Johnson,JJOHNSON,650.533.8943,30-APR-14,SH_CLERK,4800, - ,123,100
1437,Jim,Johnson,JJOHNSON,650.543.4458,12-AUG-06,AD_PRES,2200, - ,100,60
1438,Joan,Miller,JMILLER,650.880.6702,10-JUL-14,FI_ACCOUNT,2800, - ,100,100
1439,Jerry,Wilson,JWILSON,650.154.9869,04-MAY-18,IT_PROG,2500, - ,100,50
1440,Joan,Brown,JBROWN,650.354.9424,25-JAN-11,PU_CLERK,8200, - , - ,30
1441,Jerry,Davis,JDAVIS,650.997.3447,23-MAY-20,IT_PROG,2400, - ,114,40
1442,Joy,Jones,JJONES,650.695.9298,28-JAN-04,IT_PROG,8300, - ,205,90
1443,James,Jones,JJONES,650.371.3900,09-DEC-14,PU_MAN,2400, - ,108,10
1444,Jim,Wilson,JWILSON,650.710.7082,17-DEC-08,ST_CLERK,2500, - ,108,60
1445,Joy,Jones,JJONES,650.607.5857,30-SEP-12,AD_VP,2800, - ,120,30
1446,Joy,Smith,JSMITH,650.210.3558,28-NOV-09,ST_CLERK,7700, - ,100,50
1447,Julia,Brown,JBROWN,650.488.6158,16-NOV-04,ST_MAN,17000, - ,123,50
1448,John,Taylor,JTAYLOR,650.655.2453,22-AUG-19,IT_PROG,2100, - ,124,10
1449,Jane,Taylor,JTAYLOR,650.465.3322,14-OCT-08,IT_PROG,6000, - ,201,50
1450,Joan,Jones,JJONES,650.896.1474,23-APR-23,ST_CLERK,2500, - ,120,20
1451,Julia,Jones,JJONES,650.359.9417,17-JUL-06,HR_REP,7700, - ,108,100
1452,James,Taylor,JTAYLOR,650.538.3526,02-FEB-04,AD_ASST,4400, - ,121,50
1453,Joy,Taylor,JTAYLOR,650.185.8504,19-JUL-21,IT_PROG,2900, - ,101,20
1454,Jane,Wilson,JWILSON,650.851.8806,24-DEC-10,ST_CLERK,3300, - ,123,50
1455,John,Davis,JDAVIS,650.623.1739,10-OCT-17,SH_CLERK,2500, - ,100,50
1456,Jerry,Smith,JSMITH,650.880.8290,07-JUL-11,MK_MAN,8200, - ,122,90
1457,John,Miller,JMILLER,650.800.1066,30-APR-19,ST_MAN,13000, - ,114,30
1458,Jill,Davis,JDAVIS,650.726.6569,28-JUN-04,PR_REP,2800, - ,122,50
1459,Jane,Moore,JMOORE,650.980.8665,18-DEC-06,ST_MAN,7900, - ,101,60
1460,James,Johnson,JJOHNSON,650.509.9516,26-AUG-18,MK_MAN,3300, - ,100,50
1461,Jerry,Taylor,JTAYLOR,650.731.1041,05-FEB-12,AD_VP,3300, - ,100,20
1462,John,Brown,JBROWN,650.123.5729,01-NOV-20,AD_VP,4400, - ,120,110
1463,Jerry,Williams,JWILLIAMS,650.639.1839,25-DEC-21,ST_CLERK,2600, - ,101,60
1464,Jim,Moore,JMOORE,650.364.1683,17-DEC-03,ST_CLERK,3300, - ,123,100
1465,Jane,Brown,JBROWN,650.543.6685,18-DEC-11,FI_ACCOUNT,6500, - ,103,100
1466,Joan,Davis,JDAVIS,650.359.9005,22-AUG-11,ST_MAN,7800, - ,101,50
1467,Jane,Miller,JMILLER,650.881.5090,24-OCT-21,IT_PROG,7800, - ,100,50
1468,James,Moore,JMOORE,650.731.2823,02-DEC-10,ST_CLERK,2400, - ,122,50
1469,Jane,Williams,JWILLIAMS,650.973.8404,26-MAY-15,PU_CLERK,4800, - ,124,50
1470,Jane,Miller,JMILLER,650.345.5552,30-JUL-17,PU_MAN,3300, - ,120,50
1471,John,Taylor,JTAYLOR,650.954.6314,10-NOV-22,HR_REP,8200, - ,108,30
1472,Joan,Williams,JWILLIAMS,650.431.9689,07-DEC-15,AD_VP,6000, - ,108,50
1473,James,Jones,JJONES,650.872.8830,25-JUL-22,PU_CLERK,10000, - ,100,50
1474,Jim,Jones,JJONES,650.421.5584,30-DEC-04,ST_CLERK,11000, - ,102,50
1475,Jerry,Brown,JBROWN,650.521.2681,24-NOV-07,IT_PROG,8000, - ,114,50
1476,Joy,Moore,JMOORE,650.602.9584,25-DEC-07,ST_CLERK,17000, - ,100,50
1477,Jane,Miller,JMILLER,650.926.9455,24-SEP-05,ST_CLERK,4800, - ,123,30
1478,Jerry,Moore,JMOORE,650.205.8456,09-JAN-18,FI_ACCOUNT,7900, - ,205,50
1479,James,Brown,JBROWN,650.796.3930,05-FEB-16,ST_MAN,8300, - ,122,50
1480,Jane,Davis,JDAVIS,650.941.2688,24-JUL-13,AC_ACCOUNT,17000, - ,120,50
1481,John,Davis,JDAVIS,650.840.6107,07-JUN-16,ST_CLERK,3600, - ,114,90
1482,Joy,Brown,JBROWN,650.649.6705,27-APR-11,FI_MGR,2500, - ,103,50
1483,Jim,Jones,JJONES,650.910.6210,05-NOV-09,FI_ACCOUNT,8200, - ,100,60
1484,Jim,Moore,JMOORE,650.997.7102,03-MAR-21,ST_CLERK,8000, - ,122,40
1485,Joan,Wilson,JWILSON,650.235.8407,19-OCT-05,ST_MAN,8000, - ,201,60
1486,Joy,Moore,JMOORE,650.252.8216,17-AUG-22,ST_CLERK,2600, - ,101,50
1487,Jack,Brown,JBROWN,650.729.3998,13-OCT-19,ST_CLERK,6500, - ,205,30
1488,John,Taylor,JTAYLOR,650.219.4219,19-MAR-11,IT_PROG,17000, - ,100,40
1489,Jim,Johnson,JJOHNSON,650.522.8599,07-NOV-06,FI_ACCOUNT,2700, - ,103,90
1490,Jim,Johnson,JJOHNSON,650.520.8879,19-JAN-17,ST_MAN,2100, - ,123,30
1491,Jane,Miller,JMILLER,650.128.6096,27-MAR-04,ST_CLERK,2800, - ,101,50
1492,Jim,Miller,JMILLER,650.184.5911,03-MAY-12,MK_REP,3200, - ,121,50
1493,Joan,Miller,JMILLER,650.672.5542,03-APR-18,ST_CLERK,9000, - ,108,30
1494,John,Williams,JWILLIAMS,650.782.8979,02-JUN-14,ST_MAN,2200, - ,114,100
1495,Joy,Jones,JJONES,650.774.7923,14-NOV-16,ST_MAN,24000, - ,108,30
1496,Joan,Brown,JBROWN,650.676.4504,05-JUN-20,AC_ACCOUNT,9000, - ,100,110
1497,Jim,Jones,JJONES,650.626.5871,07-JUL-16,ST_CLERK,8200, - ,121,50
1498,Joy,Moore,JMOORE,650.402.8708,28-JAN-09,SH_CLERK,2800, - ,101,50
1499,Jerry,Taylor,JTAYLOR,650.405.7713,13-OCT-06,ST_CLERK,8200, - ,123,50
1500,Joan,Smith,JSMITH,650.876.4774,07-JUN-19,ST_CLERK,3100, - ,102,50
1501,Jerry,Smith,JSMITH,650.143.6296,17-JUN-08,PU_CLERK,2500, - ,114,50
1502,Joy,Wilson,JWILSON,650.297.5210,04-AUG-23,MK_MAN,2100, - ,121,40
1503,Jerry,Johnson,JJOHNSON,650.574.1965,27-JAN-20,FI_ACCOUNT,4800, - ,122,60
1504,Joy,Williams,JWILLIAMS,650.937.6319,26-JUL-13,ST_MAN,9000, - ,121,50
1505,John,Jones,JJONES,650.384.4032,25-AUG-14,AC_MGR,17000, - ,205,100
1506,Jill,Miller,JMILLER,650.264.3371,05-NOV-04,ST_CLERK,3600, - ,100,100
1507,Jack,Moore,JMOORE,650.757.8600,23-NOV-11,PR_REP,11000, - ,121,50
1508,Joy,Wilson,JWILSON,650.267.2534,04-JUL-17,ST_MAN,5800, - ,108,50
1509,Jane,Wilson,JWILSON,650.960.2776,18-APR-06,ST_CLERK,2900, - ,100,110
1510,Jerry,Williams,JWILLIAMS,650.971.2587,03-DEC-17,ST_CLERK,6000, - ,121,50
1511,Jack,Brown,JBROWN,650.417.7464,04-MAY-23,ST_CLERK,13000, - ,121,110
1512,James,Davis,JDAVIS,650.543.8634,20-JUL-09,ST_CLERK,3200, - ,122,50
1513,Joy,Moore,JMOORE,650.738.9972,11-APR-05,ST_CLERK,5800, - ,103,60
1514,Joan,Smith,JSMITH,650.867.1490,02-FEB-17,PU_CLERK,7800, - ,101,50
1515,Joy,Jones,JJONES,650.341.2489,19-JUN-11,SH_CLERK,12008, - ,123,20
1516,John,Moore,JMOORE,650.788.2473,07-SEP-11,IT_PROG,2800, - ,101,30
1517,Jane,Miller,JMILLER,650.660.1431,02-JUL-05,HR_REP,6000, - ,100,50
1518,James,Taylor,JTAYLOR,650.171.4505,25-NOV-11,ST_CLERK,9000, - ,103,50
1519,Jerry,Davis,JDAVIS,650.756.5043,13-JAN-11,ST_CLERK,2100, - ,101,50
1520,James,Moore,JMOORE,650.408.7151,28-MAY-15,AD_VP,3300, - ,121,100
1521,Jill,Taylor,JTAYLOR,650.609.1014,31-JUL-17,ST_MAN,8200, - ,103,50
1522,Joan,Brown,JBROWN,650.467.3197,31-MAR-17,FI_ACCOUNT,9000, - ,124,50
1523,Julia,Brown,JBROWN,650.102.1568,10-MAY-07,PR_REP,6900, - ,108,100
1524,Julia,Taylor,JTAYLOR,650.542.7834,23-JAN-05,FI_ACCOUNT,4400, - ,123,50
1525,Jerry,Miller,JMILLER,650.557.5548,04-SEP-13,ST_CLERK,2500, - ,205,60
1526,Joy,Wilson,JWILSON,650.788.9830,31-MAR-22,MK_MAN,3200, - ,120,30
1527,Jerry,Wilson,JWILSON,650.960.7373,12-MAY-22,ST_CLERK,24000, - ,101,20
1528,Jack,Miller,JMILLER,650.101.8660,11-FEB-21,FI_ACCOUNT,2400, - ,122,60
1529,Joy,Davis,JDAVIS,650.101.8583,26-JUN-07,FI_ACCOUNT,2700, - ,100,50
1530,Joy,Jones,JJONES,650.259.6946,18-MAY-17,ST_CLERK,3300, - ,122,50
1531,Jane,Johnson,JJOHNSON,650.863.1070,10-NOV-12,ST_CLERK,11000, - ,121,30
1532,Julia,Moore,JMOORE,650.197.4916,21-JUL-07,FI_MGR,3300, - ,103,50
1533,Joan,Wilson,JWILSON,650.598.6138,08-NOV-13,SH_CLERK,7700, - ,121,50
1534,Julia,Williams,JWILLIAMS,650.690.7319,08-DEC-09,ST_MAN,6500, - ,123,50
1535,John,Williams,JWILLIAMS,650.868.2528,17-JAN-12,PU_CLERK,4800, - ,205,50
1536,Jill,Wilson,JWILSON,650.838.6922,02-FEB-11,ST_CLERK,2200, - ,114,50
1537,Joan,Jones,JJONES,650.398.9992,21-FEB-22,AC_ACCOUNT,12008, - ,100,60
1538,Joan,Brown,JBROWN,650.848.1496,31-MAR-08,IT_PROG,12008, - ,108,90
1539,Joy,Jones,JJONES,650.561.3683,05-DEC-19,PU_MAN,3600, - ,101,50
1540,Jim,Taylor,JTAYLOR,650.396.3369,26-MAY-06,PU_CLERK,3100, - ,205,30
1541,James,Taylor,JTAYLOR,650.871.4724,02-MAY-04,SH_CLERK,4400, - ,114,100
1542,James,Taylor,JTAYLOR,650.489.5216,01-MAR-09,ST_MAN,4800, - ,123,90
1543,Jim,Moore,JMOORE,650.318.7762,31-AUG-09,AD_VP,9000, - ,114,50
1544,Joy,Smith,JSMITH,650.661.2098,22-FEB-12,IT_PROG,2800, - ,102,50
1545,Jack,Brown,JBROWN,650.357.3808,22-MAY-19,ST_CLERK,2700, - ,102,60
1546,Joy,Johnson,JJOHNSON,650.907.4231,24-FEB-19,PU_CLERK,12008, - ,124,60
1547,Jane,Williams,JWILLIAMS,650.876.5974,27-OCT-14,MK_MAN,8200, - ,108,50
1548,Jerry,Williams,JWILLIAMS,650.960.5985,15-FEB-19,SH_CLERK,8200, - ,100,50
1549,James,Brown,JBROWN,650.757.9179,04-JUN-04,MK_MAN,4800, - ,100,30
1550,Jim,Johnson,JJOHNSON,650.404.3091,05-JUN-21,SH_CLERK,3600, - ,103,50
1551,Joy,Smith,JSMITH,650.418.7089,27-JUL-04,PU_CLERK,2500, - , - ,50
1552,Julia,Brown,JBROWN,650.260.3768,29-MAY-09,PR_REP,3300, - ,120,90
1553,Joan,Johnson,JJOHNSON,650.637.5561,07-MAY-08,ST_CLERK,3100, - ,100,50
1554,Jack,Davis,JDAVIS,650.325.4883,08-JAN-08,SH_CLERK,2700, - ,123,50
1555,Joan,Smith,JSMITH,650.462.9836,11-JAN-08,IT_PROG,2600, - ,101,60
1556,Julia,Moore,JMOORE,650.893.5182,14-JAN-14,SH_CLERK,17000, - ,123,50
1557,Jane,Smith,JSMITH,650.815.7441,24-JUN-16,IT_PROG,17000, - ,114,50
1558,Jill,Davis,JDAVIS,650.666.5748,29-JUN-04,ST_CLERK,13000, - ,124,50
1559,Jack,Johnson,JJOHNSON,650.621.5836,06-AUG-08,PU_CLERK,2400, - ,121,60
1560,Jim,Jones,JJONES,650.306.3427,22-DEC-07,IT_PROG,8000, - ,122,70
1561,Jerry,Wilson,JWILSON,650.731.2822,02-JUL-20,PU_CLERK,2700, - ,103,50
1562,Julia,Johnson,JJOHNSON,650.713.9893,23-JUN-17,PU_CLERK,2500, - ,123,30
1563,Jim,Moore,JMOORE,650.146.2877,22-FEB-09,ST_CLERK,2900, - ,121,50
1564,Julia,Taylor,JTAYLOR,650.554.6817,20-OCT-14,ST_CLERK,2200, - ,100,50
1565,Jerry,Williams,JWILLIAMS,650.892.9148,09-MAR-04,FI_ACCOUNT,8000, - ,100,50
1566,Jerry,Davis,JDAVIS,650.312.6359,12-JAN-05,ST_CLERK,6900, - ,123,50
1567,Joy,Williams,JWILLIAMS,650.133.7760,08-APR-04,ST_CLERK,2200, - ,100,60
1568,Jim,Jones,JJONES,650.294.1568,04-AUG-10,ST_MAN,17000, - ,114,50
1569,James,Taylor,JTAYLOR,650.514.1471,12-JAN-18,IT_PROG,2900, - ,108,90
1570,Joan,Jones,JJONES,650.463.5851,28-AUG-10,MK_MAN,6000, - ,122,90
1571,James,Brown,JBROWN,650.136.5908,04-DEC-13,FI_ACCOUNT,2800, - ,122,50
1572,Jane,Brown,JBROWN,650.891.9279,13-FEB-12,ST_CLERK,13000, - ,108,50
1573,Julia,Brown,JBROWN,650.684.3945,16-OCT-11,ST_CLERK,7800, - ,123,90
1574,Jerry,Brown,JBROWN,650.159.3869,12-JAN-07,IT_PROG,2400, - ,100,50
1575,Jack,Williams,JWILLIAMS,650.116.4351,30-AUG-14,HR_REP,17000, - ,103,50
1576,James,Davis,JDAVIS,650.528.9009,25-NOV-19,ST_CLERK,3300, - ,108,70
1577,Jack,Williams,JWILLIAMS,650.759.8485,20-APR-10,AD_ASST,3300, - ,114,110
1578,Jane,Smith,JSMITH,650.620.2306,14-APR-06,PU_CLERK,3300, - ,114,60
1579,Jerry,Smith,JSMITH,650.341.7246,17-MAY-20,ST_CLERK,2900, - ,120,50
1580,Jim,Smith,JSMITH,650.106.2025,10-JUL-04,IT_PROG,3600, - ,120,60
1581,James,Williams,JWILLIAMS,650.811.2198,07-AUG-17,PU_CLERK,2800, - ,100,100
1582,Joy,Miller,JMILLER,650.982.9526,22-JUL-15,IT_PROG,8200, - ,100,90
1583,Jane,Smith,JSMITH,650.812.1923,29-APR-06,IT_PROG,2700, - ,101,100
1584,Jim,Miller,JMILLER,650.293.8744,14-APR-17,ST_CLERK,2100, - ,114,30
1585,Joan,Miller,JMILLER,650.531.5485,27-AUG-21,IT_PROG,7800, - ,108,50
1586,Jack,Williams,JWILLIAMS,650.840.1962,19-JUN-05,IT_PROG,2400, - ,101,30
1587,Jane,Miller,JMILLER,650.474.7404,07-MAY-10,AC_ACCOUNT,3300, - ,124,50
1588,Jack,Williams,JWILLIAMS,650.514.1678,27-NOV-17,IT_PROG,8200, - ,100,100
1589,Jill,Wilson,JWILSON,650.675.7763,14-JUL-08,PU_CLERK,8000, - ,102,20
1590,Julia,Smith,JSMITH,650.817.5345,14-JUN-15,IT_PROG,2200, - ,103,60
1591,Joan,Moore,JMOORE,650.529.2616,19-JAN-22,FI_ACCOUNT,2600, - ,120,40
1592,Joy,Miller,JMILLER,650.424.5834,18-JUL-07,SH_CLERK,6900, - ,103,100
1593,John,Davis,JDAVIS,650.823.7381,14-FEB-05,FI_ACCOUNT,8300, - ,100,60
1594,Jill,Moore,JMOORE,650.865.9998,30-AUG-03,PU_CLERK,6500, - ,100,50
1595,Julia,Miller,JMILLER,650.883.4174,26-DEC-13,ST_MAN,8200, - ,123,70
1596,Jim,Smith,JSMITH,650.829.7143,07-OCT-13,HR_REP,12008, - ,123,50
1597,Jack,Brown,JBROWN,650.553.1755,08-OCT-12,AC_ACCOUNT,2900, - ,101,60
1598,John,Jones,JJONES,650.905.8417,14-MAY-04,SH_CLERK,8200, - ,121,50
1599,Jim,Taylor,JTAYLOR,650.508.9076,09-JUL-07,PR_REP,2700, - ,114,60
1600,Jill,Moore,JMOORE,650.338.6531,05-OCT-21,ST_CLERK,6500, - ,101,20
1601,Joan,Williams,JWILLIAMS,650.928.6191,16-DEC-22,ST_CLERK,3200, - ,123,30
1602,Jane,Jones,JJONES,650.426.4840,25-NOV-07,ST_CLERK,3200, - ,121,60
1603,Jerry,Jones,JJONES,650.471.5135,24-SEP-14,ST_CLERK,3600, - ,108,30
1604,Joan,Wilson,JWILSON,650.635.9875,07-OCT-12,FI_ACCOUNT,13000, - ,100,70
1605,John,Johnson,JJOHNSON,650.739.7949,12-MAR-20,IT_PROG,2800, - ,205,50
1606,Jerry,Moore,JMOORE,650.314.8856,30-SEP-17,IT_PROG,3200, - ,121,60
1607,Jack,Miller,JMILLER,650.826.3722,20-AUG-18,AD_VP,2700, - ,201,30
1608,Julia,Jones,JJONES,650.684.7870,05-JAN-08,PU_MAN,17000, - ,100,100
1609,Joan,Smith,JSMITH,650.869.3039,16-FEB-07,ST_CLERK,4800, - ,100,40
1610,Jill,Williams,JWILLIAMS,650.239.7929,17-NOV-17,IT_PROG,2600, - ,205,50
1611,John,Brown,JBROWN,650.895.5456,28-JUN-11,MK_MAN,8200, - ,100,50
1612,Jim,Johnson,JJOHNSON,650.201.4169,17-DEC-17,ST_CLERK,6000, - ,108,50
1613,Joan,Smith,JSMITH,650.255.2079,22-MAR-04,ST_MAN,17000, - ,122,50
1614,Joy,Smith,JSMITH,650.167.2652,21-DEC-11,IT_PROG,2800, - ,121,60
1615,Jim,Wilson,JWILSON,650.100.1252,04-JUN-10,FI_ACCOUNT,9000, - ,103,20
1616,James,Taylor,JTAYLOR,650.852.7334,10-NOV-15,FI_ACCOUNT,7900, - ,114,90
1617,Jack,Brown,JBROWN,650.424.8093,09-APR-07,HR_REP,2400, - ,103,60
1618,Joan,Brown,JBROWN,650.432.7641,05-FEB-15,SH_CLERK,6000, - ,101,70
1619,Joan,Taylor,JTAYLOR,650.879.7987,12-MAY-17,IT_PROG,7900, - ,108,60
1620,John,Wilson,JWILSON,650.761.9157,13-MAY-07,HR_REP,3100, - ,124,100
1621,Joy,Miller,JMILLER,650.143.8774,18-DEC-08,AC_ACCOUNT,6000, - ,123,100
1622,Jim,Davis,JDAVIS,650.152.5249,18-JUL-04,FI_ACCOUNT,10000, - ,114,50
1623,Jane,Taylor,JTAYLOR,650.711.9375,06-MAY-16,AD_VP,2600, - ,114,50
1624,Joy,Jones,JJONES,650.529.9858,17-DEC-08,IT_PROG,2500, - ,100,60
1625,James,Taylor,JTAYLOR,650.189.6990,09-JAN-23,ST_CLERK,8000, - ,101,30
1626,Jill,Taylor,JTAYLOR,650.919.6815,25-JAN-04,FI_ACCOUNT,7800, - ,102,100
1627,Jim,Davis,JDAVIS,650.143.5391,01-FEB-05,ST_CLERK,2400, - ,121,60
1628,John,Brown,JBROWN,650.591.1157,19-DEC-17,FI_ACCOUNT,4800, - ,108,100
1629,Jerry,Williams,JWILLIAMS,650.153.7197,19-MAY-19,ST_CLERK,6500, - ,114,50
1630,James,Miller,JMILLER,650.316.6716,31-DEC-09,FI_ACCOUNT,4200, - ,100,100
1631,Joy,Miller,JMILLER,650.951.5697,10-FEB-16,IT_PROG,11000, - ,108,100
1632,Jill,Jones,JJONES,650.474.2759,02-JUN-15,ST_CLERK,3200, - ,122,90
1633,Jerry,Wilson,JWILSON,650.138.7590,22-DEC-19,PU_CLERK,2600, - ,101,50
1634,Jim,Miller,JMILLER,650.506.3613,05-MAY-21,AD_VP,3100, - ,108,50
1635,Joy,Moore,JMOORE,650.534.5941,26-JUN-11,PU_CLERK,3200, - ,121,50
1636,John,Moore,JMOORE,650.700.8825,24-OCT-04,MK_MAN,7900, - ,120,50
1637,Jill,Wilson,JWILSON,650.192.9621,25-JUN-22,ST_CLERK,6500, - ,101,30
1638,Joan,Smith,JSMITH,650.180.8454,14-JUL-18,PU_MAN,5800, - ,114,40
1639,Jim,Smith,JSMITH,650.703.6194,09-DEC-13,ST_MAN,10000, - ,121,70
1640,Joan,Taylor,JTAYLOR,650.885.9700,31-MAY-07,ST_CLERK,2600, - ,120,50
1641,Joy,Miller,JMILLER,650.410.1619,04-JAN-13,IT_PROG,3100, - ,101,30
1642,Jerry,Jones,JJONES,650.757.1639,30-APR-22,HR_REP,2400, - ,122,50
1643,Jerry,Taylor,JTAYLOR,650.928.3534,02-OCT-14,PU_CLERK,8300, - ,201,50
1644,Joan,Johnson,JJOHNSON,650.471.8175,07-APR-07,ST_CLERK,2600, - ,114,50
1645,Jane,Smith,JSMITH,650.308.7367,06-JAN-22,ST_CLERK,4800, - ,100,100
1646,Joy,Moore,JMOORE,650.242.9727,04-FEB-05,ST_CLERK,2600, - ,101,10
1647,Julia,Jones,JJONES,650.693.8461,23-NOV-13,ST_CLERK,2900, - ,122,30
1648,Julia,Brown,JBROWN,650.457.8022,02-SEP-17,ST_CLERK,7900, - ,122,60
1649,Jack,Johnson,JJOHNSON,650.372.9222,19-JUL-19,ST_CLERK,3300, - ,114,50
1650,Julia,Taylor,JTAYLOR,650.338.8617,25-NOV-03,PR_REP,17000, - ,108,70
1651,Jane,Davis,JDAVIS,650.953.9965,03-FEB-09,ST_MAN,2900, - ,123,50
1652,Jill,Moore,JMOORE,650.289.6835,28-JUN-17,FI_ACCOUNT,7900, - ,123,50
1653,Jim,Smith,JSMITH,650.763.8195,26-APR-19,ST_CLERK,4800, - ,100,30
1654,Jane,Davis,JDAVIS,650.274.6580,11-MAR-16,ST_CLERK,5800, - ,100,50
1655,Joan,Smith,JSMITH,650.253.7520,24-MAR-15,PU_MAN,7700, - ,114,60
1656,Jill,Taylor,JTAYLOR,650.452.7221,29-JUN-19,SH_CLERK,3300, - ,114,30
1657,Joan,Brown,JBROWN,650.153.8732,31-MAR-09,ST_CLERK,2900, - ,114,50
1658,Jerry,Wilson,JWILSON,650.994.8753,15-JUN-19,FI_MGR,3200, - ,122,100
1659,John,Johnson,JJOHNSON,650.774.3610,15-JUN-09,HR_REP,2700, - ,100,30
1660,Jill,Miller,JMILLER,650.946.5069,21-APR-21,ST_CLERK,2200, - ,120,30
1661,Julia,Smith,JSMITH,650.450.7141,19-DEC-05,ST_MAN,12008, - ,101,50
1662,James,Moore,JMOORE,650.803.7460,19-NOV-17,ST_MAN,4800, - ,108,60
1663,Joan,Jones,JJONES,650.411.1034,11-JAN-10,PU_CLERK,17000, - ,114,70
1664,James,Smith,JSMITH,650.867.6673,04-APR-23,AC_ACCOUNT,2600, - ,124,20
1665,James,Jones,JJONES,650.892.5174,08-DEC-15,AD_VP,2900, - ,121,50
1666,Jane,Davis,JDAVIS,650.935.9936,30-OCT-03,ST_CLERK,8200, - ,101,50
1667,Julia,Williams,JWILLIAMS,650.789.8166,20-JUN-15,PU_CLERK,3300, - ,124,50
1668,James,Johnson,JJOHNSON,650.851.5403,20-DEC-16,ST_CLERK,2400, - ,100,60
1669,Jill,Smith,JSMITH,650.149.2665,02-JAN-06,ST_CLERK,2700, - ,108,50
1670,Jerry,Miller,JMILLER,650.878.5869,13-APR-19,ST_CLERK,9000, - ,121,50
1671,Jerry,Johnson,JJOHNSON,650.331.5529,06-JUN-12,ST_MAN,9000, - ,124,50
1672,Jerry,Johnson,JJOHNSON,650.676.9804,01-AUG-17,PR_REP,4200, - ,124,50
1673,Jim,Williams,JWILLIAMS,650.968.3673,11-AUG-10,FI_ACCOUNT,2600, - ,205,50
1674,Jane,Johnson,JJOHNSON,650.809.3534,19-APR-19,ST_CLERK,2100, - ,114,30
1675,John,Smith,JSMITH,650.719.5543,25-OCT-03,ST_CLERK,8200, - ,101,20
1676,John,Smith,JSMITH,650.639.4314,04-NOV-04,IT_PROG,3200, - ,114,50
1677,Joy,Smith,JSMITH,650.716.2039,29-APR-09,PU_CLERK,13000, - ,101,50
1678,Joy,Brown,JBROWN,650.755.8225,18-MAY-17,ST_CLERK,17000, - ,121,60
1679,James,Jones,JJONES,650.297.1885,29-JAN-23,FI_ACCOUNT,3200, - ,100,60
1680,Jack,Moore,JMOORE,650.219.1041,21-APR-18,ST_CLERK,17000, - ,120,50
1681,Julia,Johnson,JJOHNSON,650.568.2498,15-APR-21,ST_CLERK,13000, - ,100,50
1682,John,Moore,JMOORE,650.580.8621,23-JAN-23,AC_ACCOUNT,4200, - ,102,50
1683,Jim,Brown,JBROWN,650.600.1213,15-DEC-09,MK_REP,2200, - ,122,50
1684,Julia,Johnson,JJOHNSON,650.249.5634,08-JUL-12,FI_ACCOUNT,2700, - ,120,60
1685,Jerry,Miller,JMILLER,650.139.5605,20-AUG-18,SH_CLERK,2400, - ,114,50
1686,Julia,Davis,JDAVIS,650.295.8724,13-AUG-12,ST_CLERK,2500, - ,102,50
1687,Joan,Moore,JMOORE,650.667.3822,16-DEC-10,IT_PROG,2600, - ,122,50
1688,Jim,Wilson,JWILSON,650.732.5988,24-APR-07,PU_CLERK,9000, - ,108,50
1689,Jim,Moore,JMOORE,650.670.6873,08-OCT-07,PU_CLERK,2700, - ,100,100
1690,Joan,Taylor,JTAYLOR,650.547.3439,28-MAY-13,IT_PROG,2800, - ,120,100
1691,Joy,Brown,JBROWN,650.892.8002,12-MAY-12,ST_CLERK,9000, - ,108,50
1692,James,Taylor,JTAYLOR,650.245.4016,04-OCT-13,FI_ACCOUNT,6500, - ,123,70
1693,Jack,Brown,JBROWN,650.236.1934,20-JUN-17,ST_CLERK,4400, - ,123,50
1694,Jill,Davis,JDAVIS,650.276.9135,03-APR-08,FI_ACCOUNT,8200, - ,100,50
1695,Jane,Miller,JMILLER,650.465.1207,02-NOV-06,ST_MAN,13000, - ,123,50
1696,James,Wilson,JWILSON,650.404.6068,27-DEC-19,FI_ACCOUNT,2900, - ,114,50
1697,Jill,Smith,JSMITH,650.601.8419,09-JUL-17,ST_MAN,17000, - ,108,100
1698,Jerry,Wilson,JWILSON,650.590.8884,05-JUL-18,AD_VP,12008, - ,122,30
1699,Joy,Jones,JJONES,650.401.8225,06-JUN-11,IT_PROG,17000, - ,120,50
1700,Jack,Smith,JSMITH,650.635.5087,27-MAR-21,AD_ASST,2800, - ,108,100
1701,James,Miller,JMILLER,650.724.6923,26-JUN-11,AD_VP,2500, - ,101,50
1702,Jim,Davis,JDAVIS,650.494.4686,29-AUG-11,FI_ACCOUNT,2900, - ,102,50
1703,John,Williams,JWILLIAMS,650.775.1749,17-MAY-09,PU_MAN,3200, - ,103,50
1704,John,Johnson,JJOHNSON,650.111.4820,12-MAY-08,PU_CLERK,2600, - ,108,50
1705,Jerry,Johnson,JJOHNSON,650.681.6962,13-JUN-08,IT_PROG,13000, - ,103,50
1706,James,Davis,JDAVIS,650.472.3454,07-FEB-18,ST_CLERK,2700, - ,103,30
1707,Jane,Miller,JMILLER,650.175.9489,14-APR-18,ST_CLERK,4200, - ,108,100
1708,Jim,Smith,JSMITH,650.650.7738,08-AUG-13,IT_PROG,24000, - ,114,30
1709,James,Brown,JBROWN,650.502.9094,01-JUL-04,MK_REP,2500, - ,120,100
1710,Jill,Moore,JMOORE,650.448.4073,15-AUG-18,ST_CLERK,3600, - ,108,50
1711,Jane,Johnson,JJOHNSON,650.425.3069,07-NOV-12,ST_CLERK,2500, - ,101,50
1712,Jack,Smith,JSMITH,650.991.4908,17-NOV-22,IT_PROG,6500, - ,100,50
1713,Jane,Moore,JMOORE,650.737.3093,08-MAY-06,ST_CLERK,6900, - ,101,50
1714,John,Brown,JBROWN,650.339.5327,20-FEB-11,ST_CLERK,2600, - ,108,50
1715,Jane,Davis,JDAVIS,650.213.3511,13-DEC-19,ST_MAN,3600, - ,120,50
1716,Jerry,Taylor,JTAYLOR,650.310.8025,09-MAR-16,IT_PROG,9000, - ,103,50
1717,Jack,Moore,JMOORE,650.355.3806,18-NOV-17,ST_CLERK,10000, - ,123,60
1718,Jane,Taylor,JTAYLOR,650.653.3240,08-JUL-10,IT_PROG,2500, - ,100,50
1719,Jim,Smith,JSMITH,650.102.1937,06-MAY-16,HR_REP,24000, - ,100,30
1720,Joan,Johnson,JJOHNSON,650.706.2953,21-FEB-12,IT_PROG,2400, - ,100,30
1721,Jim,Jones,JJONES,650.130.9821,05-FEB-10,PU_CLERK,7700, - ,121,50
1722,Julia,Davis,JDAVIS,650.280.3626,19-APR-05,ST_CLERK,17000, - ,100,50
1723,Joy,Jones,JJONES,650.849.9836,28-JUL-13,SH_CLERK,2100, - ,100,50
1724,Joan,Smith,JSMITH,650.261.1801,04-AUG-21,ST_CLERK,8000, - ,122,50
1725,John,Miller,JMILLER,650.769.4582,09-FEB-19,ST_CLERK,2500, - ,122,50
1726,John,Moore,JMOORE,650.229.9420,29-MAY-16,MK_MAN,3200, - ,205,50
1727,Jim,Jones,JJONES,650.639.7086,21-JUN-10,ST_MAN,9000, - ,101,50
1728,Jill,Smith,JSMITH,650.708.6082,06-MAR-07,ST_MAN,7900, - ,108,50
1729,Jill,Wilson,JWILSON,650.498.9999,03-AUG-07,IT_PROG,3100, - ,103,60
1730,Julia,Brown,JBROWN,650.390.9097,25-FEB-09,IT_PROG,4800, - ,103,100
1731,Jim,Brown,JBROWN,650.791.1143,30-MAY-21,ST_CLERK,7700, - ,123,50
1732,Joan,Davis,JDAVIS,650.646.8034,19-JAN-17,FI_ACCOUNT,2200, - ,114,100
1733,Julia,Davis,JDAVIS,650.182.7343,27-JUL-22,ST_CLERK,8000, - ,101,50
1734,Joan,Moore,JMOORE,650.632.5813,22-AUG-05,PU_CLERK,12008, - ,120,60
1735,Jill,Williams,JWILLIAMS,650.492.9135,22-SEP-06,PU_CLERK,24000, - ,120,110
1736,Jack,Smith,JSMITH,650.838.4086,03-APR-08,ST_CLERK,2700, - ,124,100
1737,Joan,Taylor,JTAYLOR,650.373.3498,25-NOV-18,IT_PROG,2800, - ,103,50
1738,Joy,Brown,JBROWN,650.560.5635,19-AUG-17,ST_CLERK,2500, - ,101,50
1739,Joy,Brown,JBROWN,650.713.9306,12-OCT-12,MK_REP,3600, - ,121,10
1740,Jane,Jones,JJONES,650.332.1495,18-NOV-13,ST_MAN,7900, - ,120,30
1741,Jack,Smith,JSMITH,650.167.9668,23-FEB-04,SH_CLERK,2500, - ,100,30
1742,Jane,Johnson,JJOHNSON,650.312.9994,16-JUL-05,ST_CLERK,13000, - ,100,50
1743,Jerry,Williams,JWILLIAMS,650.690.7643,22-SEP-06,AD_PRES,4800, - ,101,90
1744,Julia,Miller,JMILLER,650.225.3199,12-MAY-04,ST_CLERK,6000, - ,100,50
1745,Jane,Miller,JMILLER,650.263.1478,06-JUL-22,PU_CLERK,3200, - ,122,110
1746,Jerry,Brown,JBROWN,650.782.2761,19-APR-20,AD_ASST,10000, - ,120,20
1747,Joan,Jones,JJONES,650.550.1612,09-APR-05,IT_PROG,7900, - ,120,60
1748,Jim,Johnson,JJOHNSON,650.432.3821,14-SEP-09,ST_MAN,9000, - ,103,50
1749,Joy,Jones,JJONES,650.911.4099,11-AUG-23,PU_CLERK,4400, - ,205,50
1750,Jim,Davis,JDAVIS,650.254.7063,28-OCT-09,ST_CLERK,6000, - ,100,10
1751,John,Johnson,JJOHNSON,650.660.2573,26-FEB-15,ST_CLERK,2700, - ,120,50
1752,Jerry,Smith,JSMITH,650.320.7781,31-DEC-14,AD_VP,2800, - ,100,60
1753,Jerry,Moore,JMOORE,650.958.7594,21-SEP-17,MK_REP,2600, - ,108,30
1754,Jill,Smith,JSMITH,650.996.6993,29-MAR-08,AD_VP,4800, - ,100,20
1755,James,Miller,JMILLER,650.853.1766,17-AUG-17,FI_ACCOUNT,2900, - ,120,50
1756,Jack,Moore,JMOORE,650.548.6839,22-DEC-22,IT_PROG,17000, - ,108,100
1757,Jill,Miller,JMILLER,650.302.9863,11-SEP-08,ST_CLERK,4800, - ,100,50
1758,Jane,Davis,JDAVIS,650.139.9548,04-AUG-20,PU_CLERK,17000, - ,100,50
1759,Julia,Jones,JJONES,650.339.3653,14-MAY-05,FI_ACCOUNT,7700, - ,108,60
1760,Jerry,Moore,JMOORE,650.688.2571,19-NOV-18,ST_CLERK,4800, - ,120,50
1761,James,Moore,JMOORE,650.926.3405,29-JUN-08,HR_REP,9000, - ,123,50
1762,Jill,Taylor,JTAYLOR,650.284.7728,18-JUN-15,ST_CLERK,6500, - ,100,10
1763,Jill,Wilson,JWILSON,650.805.4114,11-AUG-06,ST_MAN,6500, - ,100,10
1764,James,Jones,JJONES,650.273.2581,13-MAR-07,IT_PROG,4200, - ,100,50
1765,Jane,Taylor,JTAYLOR,650.940.9062,04-AUG-19,FI_ACCOUNT,2900, - ,121,90
1766,Joan,Williams,JWILLIAMS,650.809.7257,29-FEB-08,AD_VP,7900, - , - ,50
1767,Jill,Wilson,JWILSON,650.484.4177,29-MAR-17,ST_CLERK,2600, - ,100,50
1768,Joan,Taylor,JTAYLOR,650.530.5419,25-MAR-21,AD_VP,2400, - ,114,100
1769,Jerry,Miller,JMILLER,650.513.4419,01-MAR-19,PU_CLERK,2600, - ,100,70
1770,Jack,Taylor,JTAYLOR,650.786.8528,06-AUG-17,IT_PROG,12008, - ,100,50
1771,John,Johnson,JJOHNSON,650.459.7107,31-AUG-20,ST_CLERK,4800, - ,100,30
1772,Joan,Miller,JMILLER,650.545.2637,13-JAN-05,IT_PROG,2800, - ,101,10
1773,Julia,Miller,JMILLER,650.424.5731,25-JUL-16,ST_CLERK,2900, - ,100,20
1774,Jerry,Brown,JBROWN,650.683.7983,07-FEB-06,SH_CLERK,24000, - ,121,90
1775,Joan,Brown,JBROWN,650.512.3538,07-OCT-11,PU_CLERK,4800, - ,100,70
1776,Jane,Davis,JDAVIS,650.644.9337,11-JUN-06,ST_CLERK,11000, - ,103,100
1777,Jane,Davis,JDAVIS,650.203.8033,28-SEP-07,PU_CLERK,4800, - ,122,100
1778,Jane,Johnson,JJOHNSON,650.628.1640,05-MAR-18,ST_MAN,12008, - ,201,60
1779,Jack,Jones,JJONES,650.612.6030,19-JAN-07,IT_PROG,17000, - ,108,60
1780,Joy,Jones,JJONES,650.456.5664,28-JUL-14,ST_CLERK,3300, - ,201,40
1781,John,Smith,JSMITH,650.183.4582,02-SEP-03,AC_MGR,3200, - ,100,60
1782,Jim,Smith,JSMITH,650.620.7212,26-MAY-20,ST_CLERK,7700, - ,124,70
1783,Joan,Johnson,JJOHNSON,650.385.2542,07-NOV-17,AD_PRES,13000, - ,124,50
1784,Julia,Jones,JJONES,650.433.7082,04-SEP-07,PU_CLERK,6000, - , - ,100
1785,Jim,Moore,JMOORE,650.452.7483,27-SEP-09,FI_ACCOUNT,2600, - ,103,100
1786,James,Miller,JMILLER,650.582.5371,24-JAN-19,AD_VP,2400, - ,101,50
1787,Jill,Wilson,JWILSON,650.770.8713,12-NOV-06,MK_REP,24000, - ,121,20
1788,Jim,Brown,JBROWN,650.987.8335,09-FEB-08,ST_CLERK,6500, - ,124,100
1789,Jane,Johnson,JJOHNSON,650.903.1975,09-FEB-15,ST_CLERK,2600, - ,108,100
1790,Joy,Johnson,JJOHNSON,650.239.7310,30-JUL-07,PU_CLERK,3300, - ,124,30
1791,Jack,Johnson,JJOHNSON,650.830.3867,19-MAR-23,ST_CLERK,4800, - ,103,110
1792,Jerry,Williams,JWILLIAMS,650.612.8941,14-AUG-04,IT_PROG,2700, - ,120,60
1793,James,Miller,JMILLER,650.293.3019,26-DEC-18,MK_REP,17000, - ,124,50
1794,Jerry,Wilson,JWILSON,650.396.2012,31-OCT-12,ST_CLERK,4800, - ,114,50
1795,Jane,Davis,JDAVIS,650.771.1268,30-OCT-10,ST_CLERK,8000, - ,121,50
1796,Julia,Davis,JDAVIS,650.928.9906,04-OCT-17,FI_ACCOUNT,10000, - ,120,50
1797,Jack,Brown,JBROWN,650.650.6883,15-SEP-09,ST_CLERK,7800, - ,120,50
1798,Joy,Jones,JJONES,650.688.6468,20-FEB-13,ST_MAN,6500, - ,114,90
1799,Jane,Smith,JSMITH,650.768.9470,27-JUL-10,FI_ACCOUNT,2600, - ,122,60
1800,James,Brown,JBROWN,650.112.4542,22-JUL-16,FI_ACCOUNT,4800, - ,100,50
1801,Julia,Williams,JWILLIAMS,650.735.3500,04-SEP-22,ST_MAN,2900, - ,120,60
1802,Joy,Moore,JMOORE,650.375.4248,19-OCT-08,FI_MGR,8200, - ,114,50
1803,Jill,Jones,JJONES,650.619.6710,19-JUL-09,ST_MAN,2500, - ,121,50
1804,Joy,Jones,JJONES,650.801.4648,02-NOV-07,ST_MAN,2800, - ,123,50
1805,Jerry,Davis,JDAVIS,650.881.6598,03-OCT-09,SH_CLERK,2100, - ,114,90
1806,Jim,Smith,JSMITH,650.451.6013,11-MAR-22,FI_ACCOUNT,2800, - ,121,20
1807,John,Taylor,JTAYLOR,650.122.9539,05-FEB-11,FI_ACCOUNT,3200, - ,108,50
1808,Joy,Smith,JSMITH,650.247.3858,02-AUG-17,PU_CLERK,2600, - ,100,100
1809,Jim,Davis,JDAVIS,650.332.2488,02-DEC-11,ST_CLERK,2500, - ,121,50
1810,Julia,Brown,JBROWN,650.858.9689,16-JAN-04,ST_CLERK,2800, - ,100,90
1811,Jack,Jones,JJONES,650.840.6996,04-NOV-12,ST_MAN,2600, - ,100,60
1812,Jim,Smith,JSMITH,650.626.3986,26-JUL-15,PU_CLERK,3200, - ,100,60
1813,Jerry,Moore,JMOORE,650.243.8370,15-APR-16,ST_CLERK,17000, - , - ,60
1814,Jane,Williams,JWILLIAMS,650.297.9581,01-SEP-06,ST_CLERK,3100, - ,120,100
1815,Jerry,Moore,JMOORE,650.423.5454,07-DEC-08,PU_CLERK,17000, - ,101,110
1816,John,Williams,JWILLIAMS,650.653.1659,16-NOV-21,AD_PRES,2400, - ,103,100
1817,Julia,Wilson,JWILSON,650.510.1368,10-APR-14,ST_CLERK,2500, - ,124,40
1818,Jill,Jones,JJONES,650.382.9944,29-JAN-23,ST_CLERK,2200, - ,114,40
1819,Joy,Brown,JBROWN,650.432.5187,25-DEC-15,ST_CLERK,2600, - ,205,30
1820,James,Johnson,JJOHNSON,650.717.9955,05-MAR-08,PU_CLERK,4800, - ,100,50
1821,Julia,Johnson,JJOHNSON,650.253.7471,09-NOV-12,PR_REP,3100, - ,108,100
1822,Joy,Wilson,JWILSON,650.845.5914,07-NOV-11,AC_MGR,3600, - ,122,60
1823,Jack,Johnson,JJOHNSON,650.705.8549,08-JUN-18,MK_REP,7900, - ,121,50
1824,Jim,Williams,JWILLIAMS,650.749.2708,11-MAY-20,IT_PROG,7800, - ,124,50
1825,Jim,Miller,JMILLER,650.675.1666,31-JAN-04,ST_MAN,7900, - ,100,60
1826,Jack,Moore,JMOORE,650.945.7151,19-DEC-11,ST_CLERK,6500, - ,100,50
1827,Jack,Wilson,JWILSON,650.907.5357,29-JUL-10,ST_CLERK,2100, - ,120,30
1828,Julia,Moore,JMOORE,650.377.9838,23-JAN-23,PU_CLERK,17000, - ,108,30
1829,John,Wilson,JWILSON,650.384.3770,11-NOV-13,PU_CLERK,8300, - ,100,90
1830,Jack,Williams,JWILLIAMS,650.344.2966,05-OCT-16,ST_CLERK,9000, - ,123,100
1831,Joan,Taylor,JTAYLOR,650.585.3677,20-MAR-04,ST_CLERK,2600, - ,108,50
1832,Jack,Smith,JSMITH,650.556.6963,20-NOV-05,ST_CLERK,2400, - ,123,70
1833,Joy,Davis,JDAVIS,650.900.7482,14-MAR-12,ST_CLERK,2700, - ,201,30
1834,Joan,Wilson,JWILSON,650.767.8244,21-AUG-22,IT_PROG,12008, - ,100,40
1835,Jim,Brown,JBROWN,650.758.6473,21-JUL-23,ST_CLERK,3300, - ,108,110
1836,John,Johnson,JJOHNSON,650.164.9370,02-SEP-19,ST_MAN,3100, - ,108,30
1837,Joy,Smith,JSMITH,650.519.7185,17-MAR-10,MK_MAN,2500, - ,101,10
1838,Jim,Miller,JMILLER,650.234.6136,25-AUG-06,ST_MAN,2100, - ,123,50
1839,Jane,Brown,JBROWN,650.896.3334,11-MAY-10,FI_ACCOUNT,7900, - ,103,100
1840,James,Miller,JMILLER,650.357.7932,02-AUG-19,ST_CLERK,2800, - ,100,50
1841,James,Davis,JDAVIS,650.144.9125,01-NOV-16,FI_MGR,4400, - ,122,50
1842,Jerry,Wilson,JWILSON,650.938.2089,28-MAY-18,PU_CLERK,9000, - ,101,50
1843,John,Smith,JSMITH,650.781.6410,27-MAR-23,MK_MAN,8000, - ,108,50
1844,Jane,Johnson,JJOHNSON,650.744.5537,05-APR-07,AD_ASST,3600, - ,100,30
1845,James,Johnson,JJOHNSON,650.326.2142,31-MAY-09,IT_PROG,7700, - ,123,30
1846,James,Smith,JSMITH,650.601.2168,16-MAR-04,MK_MAN,6500, - ,100,50
1847,James,Davis,JDAVIS,650.685.2938,25-AUG-18,PR_REP,2900, - ,120,50
1848,Julia,Jones,JJONES,650.147.2138,17-SEP-16,FI_ACCOUNT,6000, - ,108,60
1849,Joan,Jones,JJONES,650.272.7789,21-FEB-18,ST_MAN,24000, - ,101,110
1850,Jim,Davis,JDAVIS,650.384.5614,02-DEC-09,MK_MAN,2100, - ,101,10
1851,Jane,Johnson,JJOHNSON,650.940.9215,07-JUN-21,AD_PRES,3200, - , - ,60
1852,Jim,Williams,JWILLIAMS,650.632.4578,05-AUG-15,ST_CLERK,4800, - ,103,50
1853,James,Smith,JSMITH,650.346.8036,15-OCT-18,ST_CLERK,2200, - ,121,30
1854,Julia,Johnson,JJOHNSON,650.517.1269,03-JUL-20,SH_CLERK,2900, - ,205,20
1855,John,Miller,JMILLER,650.757.3171,09-JUL-06,PU_CLERK,24000, - ,120,50
1856,Jack,Taylor,JTAYLOR,650.760.7372,13-MAR-23,ST_CLERK,4400, - ,123,100
1857,John,Wilson,JWILSON,650.454.9733,13-OCT-12,IT_PROG,6900, - ,100,60
1858,Jack,Davis,JDAVIS,650.631.9554,30-OCT-20,ST_CLERK,5800, - ,103,50
1859,Julia,Moore,JMOORE,650.166.4960,16-DEC-17,ST_CLERK,2700, - ,124,50
1860,Joy,Jones,JJONES,650.999.6104,13-SEP-06,FI_ACCOUNT,9000, - ,122,60
1861,Joy,Moore,JMOORE,650.502.1129,11-SEP-11,FI_ACCOUNT,3600, - ,114,50
1862,Julia,Brown,JBROWN,650.383.6130,13-NOV-21,AC_ACCOUNT,2500, - ,114,100
1863,Jane,Taylor,JTAYLOR,650.876.7716,24-MAR-07,ST_CLERK,4200, - ,114,50
1864,Jill,Brown,JBROWN,650.915.2404,15-JUL-23,AC_ACCOUNT,12008, - ,114,100
1865,Joy,Wilson,JWILSON,650.943.1981,05-APR-04,FI_ACCOUNT,2600, - ,101,50
1866,Jane,Wilson,JWILSON,650.638.9296,02-JUN-09,ST_CLERK,2600, - ,121,110
1867,Jim,Jones,JJONES,650.354.9569,06-APR-07,PU_CLERK,12008, - ,108,50
1868,John,Miller,JMILLER,650.751.9142,04-JUN-09,ST_CLERK,2600, - ,121,50
1869,John,Miller,JMILLER,650.681.4827,15-JAN-23,ST_CLERK,2500, - ,123,50
1870,Jim,Davis,JDAVIS,650.604.8509,16-NOV-07,FI_MGR,6000, - ,121,110
1871,Jack,Davis,JDAVIS,650.195.1969,22-AUG-17,AD_VP,7700, - ,101,100
1872,John,Smith,JSMITH,650.173.7205,09-JUN-05,ST_CLERK,7800, - ,205,50
1873,Jill,Johnson,JJOHNSON,650.497.5286,31-MAY-13,ST_CLERK,3300, - ,100,100
1874,John,Smith,JSMITH,650.692.7298,04-JUL-14,FI_ACCOUNT,4400, - ,108,20
1875,James,Williams,JWILLIAMS,650.110.6299,19-JAN-22,ST_MAN,4200, - ,100,50
1876,Julia,Taylor,JTAYLOR,650.102.1707,17-FEB-12,AD_ASST,8000, - ,108,50
1877,Jack,Miller,JMILLER,650.504.7463,08-SEP-06,ST_MAN,3100, - ,108,60
1878,Jane,Brown,JBROWN,650.457.7214,05-JAN-06,ST_CLERK,2900, - ,103,50
1879,Joan,Miller,JMILLER,650.732.7352,22-OCT-09,ST_CLERK,24000, - ,205,50
1880,Joy,Jones,JJONES,650.704.7901,28-JAN-23,AD_PRES,2700, - ,122,30
1881,Jack,Brown,JBROWN,650.983.5251,21-SEP-20,ST_CLERK,2200, - ,108,50
1882,Jill,Taylor,JTAYLOR,650.934.4677,20-JAN-04,ST_CLERK,3100, - ,120,50
1883,Joy,Williams,JWILLIAMS,650.213.7487,02-MAR-11,ST_CLERK,7900, - ,120,110
1884,Jim,Smith,JSMITH,650.280.2546,10-JUN-19,ST_CLERK,6500, - ,114,50
1885,Jim,Miller,JMILLER,650.253.6315,05-FEB-05,HR_REP,8200, - ,100,50
1886,John,Davis,JDAVIS,650.495.9513,25-JUL-15,FI_MGR,9000, - ,100,50
1887,Joy,Brown,JBROWN,650.863.2553,05-AUG-04,ST_CLERK,4400, - ,122,30
1888,Joy,Taylor,JTAYLOR,650.887.5544,01-APR-12,PU_CLERK,8200, - ,120,30
1889,Jane,Smith,JSMITH,650.483.3425,08-NOV-08,PU_CLERK,2200, - ,100,50
1890,Joy,Taylor,JTAYLOR,650.498.3651,29-JAN-20,AD_VP,9000, - ,122,50
1891,James,Smith,JSMITH,650.230.5949,25-APR-05,PU_CLERK,10000, - ,100,40
1892,John,Smith,JSMITH,650.240.2675,01-FEB-08,HR_REP,3600, - ,100,50
1893,Jack,Taylor,JTAYLOR,650.438.5771,22-MAY-20,AC_MGR,9000, - ,101,30
1894,Julia,Johnson,JJOHNSON,650.674.6269,03-MAY-20,ST_CLERK,3200, - ,123,60
1895,Joan,Wilson,JWILSON,650.412.5062,12-JUL-16,ST_MAN,2900, - ,100,30
1896,Jill,Davis,JDAVIS,650.871.4984,14-APR-13,AC_MGR,8200, - ,101,50
1897,John,Moore,JMOORE,650.249.5455,02-OCT-17,SH_CLERK,2400, - ,100,50
1898,Julia,Moore,JMOORE,650.324.8999,25-SEP-12,AC_ACCOUNT,2100, - ,120,110
1899,James,Smith,JSMITH,650.304.2550,08-OCT-14,FI_ACCOUNT,2700, - , - ,30
1900,Jack,Johnson,JJOHNSON,650.705.5985,23-FEB-09,AD_ASST,8300, - ,121,100
1901,Julia,Brown,JBROWN,650.557.9356,25-OCT-12,SH_CLERK,2500, - ,121,20
1902,James,Moore,JMOORE,650.101.8546,01-JUL-22,ST_CLERK,3600, - ,100,40
1903,James,Brown,JBROWN,650.904.9025,04-NOV-13,FI_ACCOUNT,24000, - ,108,50
1904,Jerry,Moore,JMOORE,650.801.8385,11-NOV-21,IT_PROG,2100, - ,122,50
1905,James,Brown,JBROWN,650.415.9719,20-APR-04,ST_CLERK,2400, - ,103,50
1906,Julia,Smith,JSMITH,650.541.7446,19-APR-22,ST_MAN,4200, - ,100,50
1907,John,Davis,JDAVIS,650.626.7258,08-JUN-04,IT_PROG,2500, - ,122,50
1908,Joy,Davis,JDAVIS,650.947.7014,14-MAY-10,IT_PROG,4400, - ,114,70
1909,Jane,Jones,JJONES,650.904.8065,01-JUN-23,FI_MGR,2500, - ,100,50
1910,Jerry,Moore,JMOORE,650.467.3708,23-FEB-22,AC_ACCOUNT,2900, - ,121,90
1911,James,Smith,JSMITH,650.927.7409,31-MAR-18,IT_PROG,2500, - ,120,50
1912,Jim,Johnson,JJOHNSON,650.653.7710,12-OCT-18,ST_CLERK,6000, - ,100,30
1913,Joy,Miller,JMILLER,650.872.4274,16-DEC-16,ST_MAN,8200, - ,201,100
1914,Joan,Brown,JBROWN,650.724.5011,05-JUL-21,IT_PROG,17000, - ,114,30
1915,Jack,Johnson,JJOHNSON,650.627.4236,05-JUN-04,ST_CLERK,6500, - ,123,30
1916,James,Wilson,JWILSON,650.356.8264,20-JUN-04,ST_CLERK,7900, - ,122,20
1917,Jane,Williams,JWILLIAMS,650.912.9608,03-AUG-08,ST_CLERK,17000, - ,120,50
1918,Jack,Wilson,JWILSON,650.707.3084,13-AUG-09,HR_REP,9000, - ,114,50
1919,Jill,Smith,JSMITH,650.300.4333,01-JAN-23,PU_CLERK,9000, - ,201,100
1920,Julia,Davis,JDAVIS,650.300.8019,30-APR-19,ST_CLERK,2800, - ,100,50
1921,Julia,Brown,JBROWN,650.160.4262,10-JUN-10,IT_PROG,2100, - ,114,50
1922,James,Johnson,JJOHNSON,650.568.6556,25-MAR-04,ST_CLERK,12008, - ,108,30
1923,Jim,Jones,JJONES,650.115.6452,14-DEC-11,ST_CLERK,9000, - ,100,30
1924,Julia,Moore,JMOORE,650.117.4519,02-MAY-20,PU_CLERK,3100, - ,122,60
1925,Joan,Moore,JMOORE,650.807.3630,25-JUL-08,IT_PROG,2800, - ,114,30
1926,John,Taylor,JTAYLOR,650.679.7287,24-JUL-10,FI_ACCOUNT,6000, - ,101,60
1927,Jill,Smith,JSMITH,650.893.7514,09-JUN-20,ST_CLERK,5800, - ,122,60
1928,Joan,Wilson,JWILSON,650.782.2660,15-AUG-10,AD_VP,2800, - ,122,20
1929,Jim,Taylor,JTAYLOR,650.103.8803,24-FEB-16,IT_PROG,7900, - ,122,100
1930,Jack,Jones,JJONES,650.698.7944,02-JAN-07,PU_CLERK,7700, - ,122,50
1931,Joan,Miller,JMILLER,650.169.9811,10-JUL-14,SH_CLERK,2600, - ,102,70
1932,Jerry,Miller,JMILLER,650.901.3543,05-MAY-23,FI_MGR,11000, - ,101,50
1933,John,Davis,JDAVIS,650.435.3600,30-JAN-16,ST_MAN,2800, - ,121,30
1934,Jill,Miller,JMILLER,650.962.1021,01-APR-18,PU_CLERK,9000, - ,102,60
1935,Jill,Moore,JMOORE,650.600.1332,06-SEP-06,FI_ACCOUNT,4200, - ,100,30
1936,Jerry,Taylor,JTAYLOR,650.951.8804,02-SEP-10,AD_VP,6000, - ,103,50
1937,James,Davis,JDAVIS,650.506.8222,27-OCT-10,PU_CLERK,2200, - ,100,30
1938,Jack,Miller,JMILLER,650.999.1172,21-AUG-18,ST_MAN,2600, - ,120,50
1939,John,Williams,JWILLIAMS,650.666.7668,18-OCT-21,AC_ACCOUNT,3200, - ,102,50
1940,James,Moore,JMOORE,650.483.1151,13-FEB-16,AD_VP,3600, - ,120,100
1941,Joan,Jones,JJONES,650.703.8608,16-OCT-04,MK_REP,3200, - ,121,70
1942,Jerry,Moore,JMOORE,650.895.2518,10-SEP-22,ST_CLERK,2200, - ,101,50
1943,John,Williams,JWILLIAMS,650.166.4434,24-DEC-20,ST_CLERK,5800, - ,100,100
1944,Jerry,Wilson,JWILSON,650.460.1736,18-SEP-17,ST_CLERK,7900, - ,124,110
1945,Joan,Brown,JBROWN,650.692.6834,08-MAR-08,FI_ACCOUNT,2500, - ,101,90
1946,Joy,Taylor,JTAYLOR,650.844.9505,29-FEB-12,AC_MGR,6000, - ,108,50
1947,Jill,Williams,JWILLIAMS,650.291.1608,02-MAR-11,ST_CLERK,11000, - ,121,50
1948,Jack,Moore,JMOORE,650.545.8264,02-JAN-22,FI_ACCOUNT,17000, - ,101,50
1949,John,Taylor,JTAYLOR,650.408.4006,12-MAY-16,SH_CLERK,7700, - ,201,50
1950,Jill,Williams,JWILLIAMS,650.797.2845,06-SEP-05,ST_CLERK,2200, - ,122,50
1951,Jill,Wilson,JWILSON,650.924.4934,24-MAR-15,ST_CLERK,3600, - ,114,50
1952,Jerry,Williams,JWILLIAMS,650.179.9730,05-MAR-19,ST_CLERK,3300, - ,101,60
1953,Jim,Taylor,JTAYLOR,650.692.5378,30-AUG-03,AD_VP,2200, - ,123,30
1954,Jerry,Wilson,JWILSON,650.249.5990,07-APR-13,ST_MAN,12008, - ,114,20
1955,Jill,Williams,JWILLIAMS,650.886.9117,02-OCT-13,FI_ACCOUNT,9000, - ,124,10
1956,John,Moore,JMOORE,650.183.9285,03-OCT-07,IT_PROG,6000, - ,108,30
1957,Jim,Johnson,JJOHNSON,650.111.3346,28-DEC-14,SH_CLERK,17000, - ,122,50
1958,Julia,Wilson,JWILSON,650.120.3964,02-AUG-14,ST_MAN,4200, - ,101,30
1959,Joy,Wilson,JWILSON,650.907.9266,15-APR-09,AD_VP,2400, - ,100,50
1960,Joy,Miller,JMILLER,650.930.6605,19-SEP-11,MK_MAN,2800, - ,100,50
1961,James,Jones,JJONES,650.315.3970,23-FEB-16,FI_ACCOUNT,3200, - ,101,90
1962,Julia,Wilson,JWILSON,650.221.8525,16-MAR-21,FI_MGR,2800, - ,120,30
1963,Jane,Williams,JWILLIAMS,650.990.6564,22-JAN-18,ST_MAN,17000, - ,114,50
1964,Jerry,Smith,JSMITH,650.368.4700,31-DEC-11,PU_CLERK,2600, - ,114,50
1965,Jerry,Jones,JJONES,650.721.7734,29-JAN-22,AC_MGR,2700, - ,121,10
1966,Jim,Brown,JBROWN,650.378.8063,14-OCT-04,ST_CLERK,12008, - ,123,110
1967,Jim,Taylor,JTAYLOR,650.532.3520,24-DEC-17,PU_CLERK,4400, - ,122,100
1968,Jim,Williams,JWILLIAMS,650.583.9341,07-OCT-06,MK_MAN,2600, - ,120,90
1969,Joy,Johnson,JJOHNSON,650.532.5218,01-SEP-19,IT_PROG,9000, - ,108,50
1970,Julia,Taylor,JTAYLOR,650.106.2938,03-NOV-22,ST_CLERK,17000, - ,101,50
1971,Joan,Wilson,JWILSON,650.592.5213,21-NOV-12,FI_ACCOUNT,2100, - ,205,20
1972,Jane,Moore,JMOORE,650.965.9947,23-APR-04,ST_CLERK,2900, - ,122,110
1973,Jill,Moore,JMOORE,650.165.5961,23-JAN-04,SH_CLERK,12008, - ,108,100
1974,Jim,Williams,JWILLIAMS,650.418.4083,13-MAR-20,ST_CLERK,4400, - ,100,30
1975,Joan,Brown,JBROWN,650.102.7693,02-APR-07,AC_MGR,4800, - ,114,30
1976,Jill,Jones,JJONES,650.673.8386,01-AUG-07,ST_CLERK,2600, - ,108,60
1977,Joy,Johnson,JJOHNSON,650.968.1248,27-JUN-04,FI_ACCOUNT,3600, - ,121,30
1978,Jack,Taylor,JTAYLOR,650.696.1126,10-AUG-05,SH_CLERK,6500, - ,122,60
1979,Jill,Jones,JJONES,650.440.5753,07-FEB-20,ST_MAN,6900, - ,100,40
1980,Jane,Williams,JWILLIAMS,650.687.4405,09-DEC-16,SH_CLERK,13000, - ,122,50
1981,Jack,Johnson,JJOHNSON,650.340.1138,19-NOV-22,ST_CLERK,6000, - ,120,60
1982,James,Williams,JWILLIAMS,650.616.1118,30-SEP-12,ST_MAN,2700, - ,100,100
1983,Jim,Moore,JMOORE,650.696.5635,16-FEB-06,PU_CLERK,7800, - ,121,50
1984,Jane,Taylor,JTAYLOR,650.494.7165,31-JAN-09,ST_CLERK,4200, - ,101,30
1985,Jim,Miller,JMILLER,650.350.3706,22-MAY-08,PU_CLERK,4400, - ,121,50
1986,Jill,Williams,JWILLIAMS,650.600.8136,13-MAY-11,ST_CLERK,8200, - ,121,50
1987,Joan,Miller,JMILLER,650.616.7849,10-NOV-19,FI_ACCOUNT,2500, - ,101,50
1988,Jim,Johnson,JJOHNSON,650.399.9250,07-SEP-06,IT_PROG,3300, - ,114,50
1989,Julia,Taylor,JTAYLOR,650.563.6058,18-DEC-20,IT_PROG,4800, - ,120,30
1990,Jill,Moore,JMOORE,650.138.6223,11-MAY-05,AC_ACCOUNT,10000, - ,101,50
1991,Julia,Johnson,JJOHNSON,650.900.5367,09-APR-13,ST_MAN,8000, - ,124,30
1992,Joan,Davis,JDAVIS,650.865.1806,28-APR-06,PU_CLERK,3100, - ,101,10
1993,Joy,Moore,JMOORE,650.209.9017,08-AUG-09,ST_MAN,3200, - ,108,50
1994,Jim,Miller,JMILLER,650.165.3631,28-APR-14,AD_PRES,3200, - ,103,50
1995,Jack,Moore,JMOORE,650.386.5912,24-MAR-09,IT_PROG,4400, - ,103,30
1996,Jack,Smith,JSMITH,650.113.6181,22-DEC-13,HR_REP,8000, - ,124,60
1997,Joan,Moore,JMOORE,650.392.3801,14-AUG-09,AD_ASST,2900, - ,124,110
1998,Jim,Moore,JMOORE,650.346.5765,09-FEB-10,ST_CLERK,12008, - ,120,30
1999,James,Williams,JWILLIAMS,650.424.2057,18-NOV-16,AC_MGR,3200, - ,100,50
